Slide,Slide title,Text,Images,Charts,Embedded workbooks,Hyperlinks,Speaker notes,References,Media hashes,External links,Candidate source files,Candidate source data,Generating scripts or notebooks,Reproducible,Status
1,Toward Evaluating Quantum Computing Problem Scale,Toward Evaluating Quantum Computing Problem Scale | Focusing on Operational Constraints in Transportation  | 82535190 Takuma Sano,,,,,,,,,,static dependency audit cross-check required,static dependency audit cross-check required,n/a,canonical_current
2,Traditional View: Linear Progress,"Traditional View: Linear Progress | A | B | We cannot fully grasp the complexity  | of technological innovation. | Reframing  | the perspective | Emerging Perspective: Diffusive Growth | First-order | Second-order | Surrounding | A | Understanding technological innovation requires attention to  | first-order, second-order, and broader surrounding effects | Research Background: The Need to Prepare for Unseen Impacts |  How can we identify what happens beyond technical success, use cases, and adoption?",ppt/media/image6.svg sha256=529578b46ee098a822e6f0e2ec3f02abaeba9340169d6ff8f7ecf2301ce3e2ad candidates=none | ppt/media/image11.svg sha256=c773f454abc559b1371630287f2549dcaa07cb7d7e7799cba17527f1383e2c62 candidates=none | ppt/media/image16.svg sha256=06dad47bc9eed45f41571248df22cf48da3a43a84ac107599607fe03828b2f30 candidates=none | ppt/media/image24.svg sha256=9d61c5bfe3188e5247176b49e046a85720684584ac6d1b23eda7fc57b6dfe5f5 candidates=none | ppt/media/image1.svg sha256=bbf581b6cf9118a78ca63309b9348cebd0b9441cc6a8aa5e3ba68a11a0f1acc7 candidates=none | ppt/media/image19.svg sha256=aded79b6a1d6b4cd027af07b35317d3f36ac96333b4efe165c61ddfead0428e8 candidates=none | ppt/media/image5.svg sha256=235a188d51ac13b30f6bae92b736d88298eb9dccc8c4a07da59763cd24e11668 candidates=none | ppt/media/image10.svg sha256=4449de6c2dbecde62e82affa297f7c790cee9143cd5fb0908711e82df3c9bb2d candidates=none | ppt/media/image15.svg sha256=a7cb8b7f7ab1a50463a1d9794557e75b85925596d0b6bd7455e1118d2feb7285 candidates=none | ppt/media/image23.svg sha256=5c1f100d2727aff13a3fe1d419357ce1ee2fe72fff10d5938d2cbcf6e69866ff candidates=none | ppt/media/image14.svg sha256=04490a894f3cd46dfa9b48ba884a9a8c1a1c076529462b69f5fe56f4f3fd1cc8 candidates=none | ppt/media/image18.svg sha256=b5d5ab7b9c2395c89033a427eacd5beb8bc55e9d74a81e381fb1ab0758f7df2b candidates=none | ppt/media/image4.svg sha256=939f64d57ec1cd3c784f629e8e6fc518774a573b7267f3336119f08dfa234cd0 candidates=none | ppt/media/image9.svg sha256=d00ec6635617dccd887b4b04c18643e9a6e2169629a0f35c80ea84ae9fde9810 candidates=none | ppt/media/image22.svg sha256=0a02baeef62168c878f428dd6138a69bdcc5d8f8ce00825f222e61d767bf106a candidates=none | ppt/media/image3.svg sha256=a902c3af0a75bc3b57f7c8c3ecf5fb6cadcc82e9de04cae73f5d4c01700651ac candidates=none | ppt/media/image13.svg sha256=caf6c017733a7e905179c60627644c2165c1097d507ec5a2b1dc45e0b9ee3d48 candidates=none | ppt/media/image21.svg sha256=3edc4f6d9273a520b0e0fb26162605a2d0692bba5919c6f353a3853018d6127f candidates=none | ppt/media/image26.svg sha256=422a9bba3681e665015554bec74071048175624b266c3b6e30123f638baf4210 candidates=none | ppt/media/image8.svg sha256=241ac11f9254a6b9f654c9dab98c2b451ccb0edb5e9bdbb2ad67c593909fddd1 candidates=none | ppt/media/image17.svg sha256=a4b6f40d1e5b261d0ba1112df282f24925715ca822b80c92d3ad9c6f9b1c12a3 candidates=none | ppt/media/image2.svg sha256=5eb699124314b9bed12bd326bac9764abe21c6405161b0f1cfa1ee103a221724 candidates=none | ppt/media/image7.svg sha256=358af1de8997a81d62fbf3873fbcde00dc5ee25aead4769e7f3fd4f29555b4ac candidates=none | ppt/media/image12.svg sha256=4e60487ebb66dbf10f1f15380bf8aed846749e6fb57c3d749d6724f02e258d4a candidates=none | ppt/media/image20.svg sha256=ea4e377557d467c48343fbee7c5a9ecbaae15d15cbdefd7ba635ef5b07d96719 candidates=none | ppt/media/image25.svg sha256=0a661ad34905e2f09b4fc013f7378cd05da84333a321d3d00f477eaf7389aad3 candidates=none,,,,,,ppt/media/image6.svg sha256=529578b46ee098a822e6f0e2ec3f02abaeba9340169d6ff8f7ecf2301ce3e2ad candidates=none | ppt/media/image11.svg sha256=c773f454abc559b1371630287f2549dcaa07cb7d7e7799cba17527f1383e2c62 candidates=none | ppt/media/image16.svg sha256=06dad47bc9eed45f41571248df22cf48da3a43a84ac107599607fe03828b2f30 candidates=none | ppt/media/image24.svg sha256=9d61c5bfe3188e5247176b49e046a85720684584ac6d1b23eda7fc57b6dfe5f5 candidates=none | ppt/media/image1.svg sha256=bbf581b6cf9118a78ca63309b9348cebd0b9441cc6a8aa5e3ba68a11a0f1acc7 candidates=none | ppt/media/image19.svg sha256=aded79b6a1d6b4cd027af07b35317d3f36ac96333b4efe165c61ddfead0428e8 candidates=none | ppt/media/image5.svg sha256=235a188d51ac13b30f6bae92b736d88298eb9dccc8c4a07da59763cd24e11668 candidates=none | ppt/media/image10.svg sha256=4449de6c2dbecde62e82affa297f7c790cee9143cd5fb0908711e82df3c9bb2d candidates=none | ppt/media/image15.svg sha256=a7cb8b7f7ab1a50463a1d9794557e75b85925596d0b6bd7455e1118d2feb7285 candidates=none | ppt/media/image23.svg sha256=5c1f100d2727aff13a3fe1d419357ce1ee2fe72fff10d5938d2cbcf6e69866ff candidates=none | ppt/media/image14.svg sha256=04490a894f3cd46dfa9b48ba884a9a8c1a1c076529462b69f5fe56f4f3fd1cc8 candidates=none | ppt/media/image18.svg sha256=b5d5ab7b9c2395c89033a427eacd5beb8bc55e9d74a81e381fb1ab0758f7df2b candidates=none | ppt/media/image4.svg sha256=939f64d57ec1cd3c784f629e8e6fc518774a573b7267f3336119f08dfa234cd0 candidates=none | ppt/media/image9.svg sha256=d00ec6635617dccd887b4b04c18643e9a6e2169629a0f35c80ea84ae9fde9810 candidates=none | ppt/media/image22.svg sha256=0a02baeef62168c878f428dd6138a69bdcc5d8f8ce00825f222e61d767bf106a candidates=none | ppt/media/image3.svg sha256=a902c3af0a75bc3b57f7c8c3ecf5fb6cadcc82e9de04cae73f5d4c01700651ac candidates=none | ppt/media/image13.svg sha256=caf6c017733a7e905179c60627644c2165c1097d507ec5a2b1dc45e0b9ee3d48 candidates=none | ppt/media/image21.svg sha256=3edc4f6d9273a520b0e0fb26162605a2d0692bba5919c6f353a3853018d6127f candidates=none | ppt/media/image26.svg sha256=422a9bba3681e665015554bec74071048175624b266c3b6e30123f638baf4210 candidates=none | ppt/media/image8.svg sha256=241ac11f9254a6b9f654c9dab98c2b451ccb0edb5e9bdbb2ad67c593909fddd1 candidates=none | ppt/media/image17.svg sha256=a4b6f40d1e5b261d0ba1112df282f24925715ca822b80c92d3ad9c6f9b1c12a3 candidates=none | ppt/media/image2.svg sha256=5eb699124314b9bed12bd326bac9764abe21c6405161b0f1cfa1ee103a221724 candidates=none | ppt/media/image7.svg sha256=358af1de8997a81d62fbf3873fbcde00dc5ee25aead4769e7f3fd4f29555b4ac candidates=none | ppt/media/image12.svg sha256=4e60487ebb66dbf10f1f15380bf8aed846749e6fb57c3d749d6724f02e258d4a candidates=none | ppt/media/image20.svg sha256=ea4e377557d467c48343fbee7c5a9ecbaae15d15cbdefd7ba635ef5b07d96719 candidates=none | ppt/media/image25.svg sha256=0a661ad34905e2f09b4fc013f7378cd05da84333a321d3d00f477eaf7389aad3 candidates=none,,,static dependency audit cross-check required,static dependency audit cross-check required,partial,canonical_current
3,Integration of quantum technology into society,"Integration of quantum technology into society | This research is driven by two fundamental objectives: | 1.  | Pathways of life changes | Explore how quantum technologies may create new forms of value in transportation, a field historically grounded in physics and continuously advanced by information engineering | Motivation | Assess how quantum technologies can be developed and implemented in society from economic and social perspectives | 2. Toward  | G | o /  | N | o- | G | o evaluation | Support responsible decisions on quantum-technology applications by incorporating broader societal perspectives, including those represented by the STEEP framework",ppt/media/image27.svg sha256=83a8f1196159b7f3658894041a2d6a39f4d392977af653bf7b712610614275cf candidates=none | ppt/media/image26.svg sha256=422a9bba3681e665015554bec74071048175624b266c3b6e30123f638baf4210 candidates=none | ppt/media/image25.svg sha256=0a661ad34905e2f09b4fc013f7378cd05da84333a321d3d00f477eaf7389aad3 candidates=none | ppt/media/image28.svg sha256=7f99d75f762170b0396ad02c1b8dc33d3b95e5b735cbd916c70e02beb9ebc65a candidates=none,,,,,,ppt/media/image27.svg sha256=83a8f1196159b7f3658894041a2d6a39f4d392977af653bf7b712610614275cf candidates=none | ppt/media/image26.svg sha256=422a9bba3681e665015554bec74071048175624b266c3b6e30123f638baf4210 candidates=none | ppt/media/image25.svg sha256=0a661ad34905e2f09b4fc013f7378cd05da84333a321d3d00f477eaf7389aad3 candidates=none | ppt/media/image28.svg sha256=7f99d75f762170b0396ad02c1b8dc33d3b95e5b735cbd916c70e02beb9ebc65a candidates=none,,,static dependency audit cross-check required,static dependency audit cross-check required,partial,canonical_current
4,MDR 2 Research Question,"MDR 2 Research Question | Initial Focus: Transport-Computation Use Cases | Integrate economic and social perspectives to assess |   | how quantum technologies can be  | developed and implemented in society. | Why transport? | Near-Term Applicability | Transport optimization provides a suitable application domain because problem instances and operational constraints can be explicitly defined and evaluated. | Broader Application Potential | Transportation also enables examination of how quantum computing may interact with adjacent technologies, including materials discovery, batteries, charging systems, and vehicle technologies. | For a specific transport-computation task, how can the problem scale and quantum-resource requirements relevant to social implementation be defined and evaluated? | .",ppt/media/image32.svg sha256=de38d0d0c9ae54a040ad2d1f2a03b8ac42ad231c39f8351984762f9b0ca74647 candidates=none | ppt/media/image29.svg sha256=6e73747676993331d52db59887ccbfe625ac94d5a166094db95ed8b89dc36a8d candidates=none | ppt/media/image31.svg sha256=160539c59328e1b8bfaab5f5d5e084add09bf3fabd11ba8e10d3d1f7e5c2836d candidates=none | ppt/media/image30.svg sha256=e183f26bbb7021c36f9a7f326a31120b2a1da0871ec677529f58bb18c4747511 candidates=none | ppt/media/image26.svg sha256=422a9bba3681e665015554bec74071048175624b266c3b6e30123f638baf4210 candidates=none | ppt/media/image25.svg sha256=0a661ad34905e2f09b4fc013f7378cd05da84333a321d3d00f477eaf7389aad3 candidates=none | ppt/media/image33.svg sha256=6e2e99389a84425561fe1f07950f786c8e2b38335a5214a75f0d30b71c8b0fed candidates=none,,,,,,ppt/media/image32.svg sha256=de38d0d0c9ae54a040ad2d1f2a03b8ac42ad231c39f8351984762f9b0ca74647 candidates=none | ppt/media/image29.svg sha256=6e73747676993331d52db59887ccbfe625ac94d5a166094db95ed8b89dc36a8d candidates=none | ppt/media/image31.svg sha256=160539c59328e1b8bfaab5f5d5e084add09bf3fabd11ba8e10d3d1f7e5c2836d candidates=none | ppt/media/image30.svg sha256=e183f26bbb7021c36f9a7f326a31120b2a1da0871ec677529f58bb18c4747511 candidates=none | ppt/media/image26.svg sha256=422a9bba3681e665015554bec74071048175624b266c3b6e30123f638baf4210 candidates=none | ppt/media/image25.svg sha256=0a661ad34905e2f09b4fc013f7378cd05da84333a321d3d00f477eaf7389aad3 candidates=none | ppt/media/image33.svg sha256=6e2e99389a84425561fe1f07950f786c8e2b38335a5214a75f0d30b71c8b0fed candidates=none,,,static dependency audit cross-check required,static dependency audit cross-check required,partial,canonical_current
5,Current Research Focus,"Current Research Focus | WIP Direction | Research Overview | This research evaluates quantum-resource requirements in relation to transport-specific problem scale, operational constraints, and social-implementation needs. | • Define transport-specific problem instances and operational constraints. | • Extract reported formulations, encodings, circuit widths, and evaluation modalities from quantum-routing studies. | • Compare application requirements with the conditions represented in current quantum-routing research.  | • | Develop an application-oriented framework for interpreting quantum-resource requirements. | •  | Relate circuit width to problem-instance definition, operational constraints, formulation and encoding, and evaluation modality.",ppt/media/image34.svg sha256=a3e84e27ad96acf0d3c59e11ca9dd7e499f20ef0be7276f2216b35f5b0e58433 candidates=none | ppt/media/image26.svg sha256=422a9bba3681e665015554bec74071048175624b266c3b6e30123f638baf4210 candidates=none | ppt/media/image25.svg sha256=0a661ad34905e2f09b4fc013f7378cd05da84333a321d3d00f477eaf7389aad3 candidates=none,,,,,,ppt/media/image34.svg sha256=a3e84e27ad96acf0d3c59e11ca9dd7e499f20ef0be7276f2216b35f5b0e58433 candidates=none | ppt/media/image26.svg sha256=422a9bba3681e665015554bec74071048175624b266c3b6e30123f638baf4210 candidates=none | ppt/media/image25.svg sha256=0a661ad34905e2f09b4fc013f7378cd05da84333a321d3d00f477eaf7389aad3 candidates=none,,,static dependency audit cross-check required,static dependency audit cross-check required,partial,canonical_current
6,What Was Reviewed,"What Was Reviewed | ・ | Application-oriented quantum benchmarking studies | • Transport-problem instances examined in quantum studies | • Reported circuit widths and resource estimates | • Formulations and encodings used to construct the circuits | • Evaluation modalities supporting the reported results Similar application-instance scales may lead to different circuit widths. | What Was Observed | • Circuit width depends on problem instance, formulation, and |  encoding. | • Similar problem-instance scales may lead to different circuit widths depending on formulation and encoding. | • Reported qubit counts must be interpreted together with the problem instance, formulation, encoding, and evaluation modality. | • Executing a wide circuit does not, by itself, establish quantum  utility. | • Application-side requirements must be defined before resource  requirements can be interpreted. | Survey: What Was Checked and What Was Learned | Reviewed how transport problems are translated into reported circuit widths and how those values are supported through simulation, hardware execution, or resource estimation.",ppt/media/image35.svg sha256=2c680d5c7599c9d5e982a63558f26de7881b35d162db0adc1cc1cb027ec516b4 candidates=none | ppt/media/image26.svg sha256=422a9bba3681e665015554bec74071048175624b266c3b6e30123f638baf4210 candidates=none | ppt/media/image25.svg sha256=0a661ad34905e2f09b4fc013f7378cd05da84333a321d3d00f477eaf7389aad3 candidates=none,,,,,,ppt/media/image35.svg sha256=2c680d5c7599c9d5e982a63558f26de7881b35d162db0adc1cc1cb027ec516b4 candidates=none | ppt/media/image26.svg sha256=422a9bba3681e665015554bec74071048175624b266c3b6e30123f638baf4210 candidates=none | ppt/media/image25.svg sha256=0a661ad34905e2f09b4fc013f7378cd05da84333a321d3d00f477eaf7389aad3 candidates=none,,,static dependency audit cross-check required,static dependency audit cross-check required,partial,canonical_current
7,Application-Oriented Benchmarking Perspectives,"Application-Oriented Benchmarking Perspectives | Application / Algorithm | Feasible Problem Size | Application-Derived Circuit | Circuit Width and Depth | Solution Quality | Execution Time and Resource Usage | Transport Problem Class | Reported Problem-Instance Scale | Mathematical Formulation | Quantum Encoding | Reported Circuit Width | Evaluation Modality | Alignment with Transport Application Requirements | Adapted for Literature-Based Application Comparison | ・ | This study adopts an application-oriented perspective by reviewing results reported in existing quantum-routing studies rather than executing a standardized benchmark suite. | Adapting Application-Oriented Benchmarking to This Study | Rather than executing a standardized benchmark suite, this study reviews evidence  | reported in existing transport-problem research. | Core Dimensions | ・ | The analytical approach draws on the application-oriented benchmarking framework proposed by Lubinski et al. and related QED-C work. | Analytical Dimensions Used in This Study Problem Class",ppt/media/image41.svg sha256=7259aa614ee404ff7048803288074f5576873a9ed589470e6c6e2648c61c1c56 candidates=none | ppt/media/image46.svg sha256=d6c68f8b13c02361a011926f9ba9e9b9094552159ef44f2b14133a28f134c047 candidates=none | ppt/media/image51.svg sha256=23d0f53b8eea528156b8e3bf67cf05a9252e08eaab7d92c7efc91afb89e3d7f5 candidates=none | ppt/media/image59.svg sha256=e465de52896d2bc5e4f13b52ced621a0f23af54606c84b9307d4ace0a4771a52 candidates=none | ppt/media/image36.svg sha256=bdd303ab947d43c74a8af23c467632f42eb7d18610779b41bf165af42903678a candidates=none | ppt/media/image54.svg sha256=1353f1e6330ec74349526648d4770b79da4af71cf57824c3ed2506bd3748c590 candidates=none | ppt/media/image40.svg sha256=a588911e38d2d33db328fe8ad66b592d847873ca38b21b95276441ba356a7fbb candidates=none | ppt/media/image45.svg sha256=ab66fa1879ee36a8fe30b451228afb547e82b4f8d00ea56857ee96d1db76fd75 candidates=none | ppt/media/image50.svg sha256=b58b14eea718340367948e864ac8e25fce37a86e777e8fe3a76895871a4d1515 candidates=none | ppt/media/image58.svg sha256=014d8cfdb176306d9ae9a022534798e5be78971f39199056d4345c1ef3c99bc6 candidates=none | ppt/media/image49.svg sha256=5593183ef6f098b586b8216083d8427e506d48a0779894d04cf1be4275fe45dd candidates=none | ppt/media/image53.svg sha256=0bf0d456fd4a553f144288dfa87059867a8ecbd0c538e450dc6f62eb7ddd6fcf candidates=none | ppt/media/image62.svg sha256=1f4899df9142d16e1195441a8cc0ac359b277bc2f7afd89bb14939f09751a5cb candidates=none | ppt/media/image39.svg sha256=16d9fb3585118734f750df690c50003d40b53bd2462d49390b8baa2dec791e19 candidates=none | ppt/media/image44.svg sha256=c46e7375457535ef11e70aa1510f038db4208fc8415f6e988aca88034c6865d6 candidates=none | ppt/media/image57.svg sha256=5c0c3140fbe82396bcdb4026bafce3576dd014d9986e1476fb49351cb42de6b7 candidates=none | ppt/media/image26.svg sha256=422a9bba3681e665015554bec74071048175624b266c3b6e30123f638baf4210 candidates=none | ppt/media/image38.svg sha256=c9e13d7eece6e4fd4fd3cf629b04aeec727fcbc844735c18eff49d39387d40e3 candidates=none | ppt/media/image48.svg sha256=e4dafa2740a1d17945db25d3dc934bd505c474b80aa1af46736ab5ad2ad966f5 candidates=none | ppt/media/image56.svg sha256=7bb634a01786e29399f3bc4e7fc3acca274665845340fd516a1f1f67f9174ae6 candidates=none | ppt/media/image61.svg sha256=8ed330261eed5a2418a30e182e4b9c0ce68f38c281cc0f54dfec52a57f64b957 candidates=none | ppt/media/image43.svg sha256=9bea7208b4b0ae4778394290ecc7083ab800890b2ef7e2efbf1c9a4b6705206a candidates=none | ppt/media/image52.svg sha256=c6e996a5fd996b9c871dd9444bc52d950d3d8bfb734c0b683c28b324f8143158 candidates=none | ppt/media/image25.svg sha256=0a661ad34905e2f09b4fc013f7378cd05da84333a321d3d00f477eaf7389aad3 candidates=none | ppt/media/image37.svg sha256=91e8befefb07af0cfd76b734587afb3664095a3f8bab3f5e5f40cc5609eaa0fa candidates=none | ppt/media/image42.svg sha256=ad2970af565fda87b0b802ddb588b32b543b45c10e993647ab859239d5b27d09 candidates=none | ppt/media/image47.svg sha256=c125fb229a4afd38b17a3d04bd2d90b740777761aaa1f63e57dc558c04a84417 candidates=none | ppt/media/image55.svg sha256=2ec9e1ee7a89a5ce423c40002af8a1bb4d2c41c7a2118c43b9a2727f3e658a95 candidates=none | ppt/media/image60.svg sha256=45676e6a4211191c9e9bf0e1affcd8ebb260edc770bba237947ceaa88e22540a candidates=none | ppt/media/image63.svg sha256=f3f7592bd73107ab0794992aa41d2d8b35fd612878acf76d5773e9b9757acc9f candidates=none,,,,,,ppt/media/image41.svg sha256=7259aa614ee404ff7048803288074f5576873a9ed589470e6c6e2648c61c1c56 candidates=none | ppt/media/image46.svg sha256=d6c68f8b13c02361a011926f9ba9e9b9094552159ef44f2b14133a28f134c047 candidates=none | ppt/media/image51.svg sha256=23d0f53b8eea528156b8e3bf67cf05a9252e08eaab7d92c7efc91afb89e3d7f5 candidates=none | ppt/media/image59.svg sha256=e465de52896d2bc5e4f13b52ced621a0f23af54606c84b9307d4ace0a4771a52 candidates=none | ppt/media/image36.svg sha256=bdd303ab947d43c74a8af23c467632f42eb7d18610779b41bf165af42903678a candidates=none | ppt/media/image54.svg sha256=1353f1e6330ec74349526648d4770b79da4af71cf57824c3ed2506bd3748c590 candidates=none | ppt/media/image40.svg sha256=a588911e38d2d33db328fe8ad66b592d847873ca38b21b95276441ba356a7fbb candidates=none | ppt/media/image45.svg sha256=ab66fa1879ee36a8fe30b451228afb547e82b4f8d00ea56857ee96d1db76fd75 candidates=none | ppt/media/image50.svg sha256=b58b14eea718340367948e864ac8e25fce37a86e777e8fe3a76895871a4d1515 candidates=none | ppt/media/image58.svg sha256=014d8cfdb176306d9ae9a022534798e5be78971f39199056d4345c1ef3c99bc6 candidates=none | ppt/media/image49.svg sha256=5593183ef6f098b586b8216083d8427e506d48a0779894d04cf1be4275fe45dd candidates=none | ppt/media/image53.svg sha256=0bf0d456fd4a553f144288dfa87059867a8ecbd0c538e450dc6f62eb7ddd6fcf candidates=none | ppt/media/image62.svg sha256=1f4899df9142d16e1195441a8cc0ac359b277bc2f7afd89bb14939f09751a5cb candidates=none | ppt/media/image39.svg sha256=16d9fb3585118734f750df690c50003d40b53bd2462d49390b8baa2dec791e19 candidates=none | ppt/media/image44.svg sha256=c46e7375457535ef11e70aa1510f038db4208fc8415f6e988aca88034c6865d6 candidates=none | ppt/media/image57.svg sha256=5c0c3140fbe82396bcdb4026bafce3576dd014d9986e1476fb49351cb42de6b7 candidates=none | ppt/media/image26.svg sha256=422a9bba3681e665015554bec74071048175624b266c3b6e30123f638baf4210 candidates=none | ppt/media/image38.svg sha256=c9e13d7eece6e4fd4fd3cf629b04aeec727fcbc844735c18eff49d39387d40e3 candidates=none | ppt/media/image48.svg sha256=e4dafa2740a1d17945db25d3dc934bd505c474b80aa1af46736ab5ad2ad966f5 candidates=none | ppt/media/image56.svg sha256=7bb634a01786e29399f3bc4e7fc3acca274665845340fd516a1f1f67f9174ae6 candidates=none | ppt/media/image61.svg sha256=8ed330261eed5a2418a30e182e4b9c0ce68f38c281cc0f54dfec52a57f64b957 candidates=none | ppt/media/image43.svg sha256=9bea7208b4b0ae4778394290ecc7083ab800890b2ef7e2efbf1c9a4b6705206a candidates=none | ppt/media/image52.svg sha256=c6e996a5fd996b9c871dd9444bc52d950d3d8bfb734c0b683c28b324f8143158 candidates=none | ppt/media/image25.svg sha256=0a661ad34905e2f09b4fc013f7378cd05da84333a321d3d00f477eaf7389aad3 candidates=none | ppt/media/image37.svg sha256=91e8befefb07af0cfd76b734587afb3664095a3f8bab3f5e5f40cc5609eaa0fa candidates=none | ppt/media/image42.svg sha256=ad2970af565fda87b0b802ddb588b32b543b45c10e993647ab859239d5b27d09 candidates=none | ppt/media/image47.svg sha256=c125fb229a4afd38b17a3d04bd2d90b740777761aaa1f63e57dc558c04a84417 candidates=none | ppt/media/image55.svg sha256=2ec9e1ee7a89a5ce423c40002af8a1bb4d2c41c7a2118c43b9a2727f3e658a95 candidates=none | ppt/media/image60.svg sha256=45676e6a4211191c9e9bf0e1affcd8ebb260edc770bba237947ceaa88e22540a candidates=none | ppt/media/image63.svg sha256=f3f7592bd73107ab0794992aa41d2d8b35fd612878acf76d5773e9b9757acc9f candidates=none,,,static dependency audit cross-check required,static dependency audit cross-check required,partial,canonical_current
8,Reported Circuit Width Across Transport Problem Instances,"Reported Circuit Width Across Transport Problem Instances | ※Reported circuit width depends on the problem instance, formulation, encoding, and evaluation modality; it cannot be inferred from problem scale alone. | ※Reported qubit count indicates circuit width, not total computational cost. Practical execution also depends on circuit depth, gate count, connectivity, noise, and compilation overhead. | S | imulator | Resource Estimator | Evaluation Modality | Time-window routing problem for determining customer visit order | Simplified formulation including only a subset of operational constraints  | Time-window routing problem for determining customer visit order | Full formulation including all time-window, routing, and feasibility constraints defined in the study |   | Calculation using a classical benchmark for vehicle-capacitated delivery routing | Capacity constraints represented directly using higher-order binary terms |   | Calculation using a classical benchmark for vehicle-capacitated delivery routing | Capacity constraints converted into quadratic binary form using auxiliary variables |   | M | anually extracted the problem instance, reported qubit count, formulation, encoding, and evaluation modality from each reviewed quantum-routing study and organized them for comparison; representative cases are shown below. | Reported Circuit Width ",ppt/media/image25.svg sha256=0a661ad34905e2f09b4fc013f7378cd05da84333a321d3d00f477eaf7389aad3 candidates=none | ppt/media/image66.svg sha256=9f6e6d33ee7b9682ba3db6aa6c748a151ab93702a489f70df5a63710f0b0976e candidates=none | ppt/media/image65.svg sha256=5502e30a59661fd1ffaf90753952782ddcb5f3b778519c3cb2f442d825a6726e candidates=none | ppt/media/image64.png sha256=ca92a8e98f4074cb28c1b21d6b8f9ee49beadb395402c38fc837d2ac74ab7e3f candidates=none | ppt/media/image26.svg sha256=422a9bba3681e665015554bec74071048175624b266c3b6e30123f638baf4210 candidates=none,,,,,,ppt/media/image25.svg sha256=0a661ad34905e2f09b4fc013f7378cd05da84333a321d3d00f477eaf7389aad3 candidates=none | ppt/media/image66.svg sha256=9f6e6d33ee7b9682ba3db6aa6c748a151ab93702a489f70df5a63710f0b0976e candidates=none | ppt/media/image65.svg sha256=5502e30a59661fd1ffaf90753952782ddcb5f3b778519c3cb2f442d825a6726e candidates=none | ppt/media/image64.png sha256=ca92a8e98f4074cb28c1b21d6b8f9ee49beadb395402c38fc837d2ac74ab7e3f candidates=none | ppt/media/image26.svg sha256=422a9bba3681e665015554bec74071048175624b266c3b6e30123f638baf4210 candidates=none,,,static dependency audit cross-check required,static dependency audit cross-check required,partial,canonical_current
9,Survey of quantum routing studies,Survey of quantum routing studies | Reported circuit width | Insufficient without application definition | Basis for Interpreting Future Resource Requirements | Problem-instance scale | What must be represented? | ・Customers or delivery locations | ・Vehicles and depots | ・Route candidates  | ・Geographic coverage | Operational Constraints | What must be satisfied? | Payload capacity | Operating time and service |        | time | Travel distance and usable |        | range | Time windows |  B | attery and state-of-charge conditions | Charging access and |   | charging duration | Heterogeneous fleet or |   | multi-depot  |        | conditions | Survey Finding: Application-Side Definition Is Required | The survey indicated that reported circuit width cannot be interpreted without defining the application-side problem instance and required operational constraints. | Application-side definition | Problem-instance scale × Operational constraints,ppt/media/image72.svg sha256=b63d69beed91585091dbd3044b6aef341d9a19cfaffe6293987d0d1d9c65f99d candidates=none | ppt/media/image77.svg sha256=a3894fec4645ac467276561ba15de4486a5cec7e5471a3513e9b59f00a8c7594 candidates=none | ppt/media/image67.svg sha256=0067f39148d508a08bf258ea33cad65b9200e89173ea537b667be06148f3769b candidates=none | ppt/media/image71.svg sha256=a9fdb2d521d148440bafbd4121f1a2161b55df67d68ca8e37fc44b8fa3330c80 candidates=none | ppt/media/image76.svg sha256=049a912d49b00da5c1b1aa78dc2f9945dad9ae6a9439ac66571cfb8bfcc825fb candidates=none | ppt/media/image26.svg sha256=422a9bba3681e665015554bec74071048175624b266c3b6e30123f638baf4210 candidates=none | ppt/media/image70.svg sha256=4812f35797f80d657fa1edd6051e5b4daca5263557343d51125794574b1633e4 candidates=none | ppt/media/image75.svg sha256=2350e6efd960b128a698e3bba537defafef294eceb52526f3673da47091ad3e4 candidates=none | ppt/media/image69.svg sha256=6350e7d84073325d35194de94d338d1460de66c8c00065cc03744a5c24658419 candidates=none | ppt/media/image25.svg sha256=0a661ad34905e2f09b4fc013f7378cd05da84333a321d3d00f477eaf7389aad3 candidates=none | ppt/media/image74.svg sha256=e7295545d303c4217ef5ea41c0d272ebfb6269dea4e73706c3d291c7e840ffaa candidates=none | ppt/media/image68.svg sha256=2ff5416cddd58d4b8aa1416e4c96a1d7f85433d726aaf3980fb3d70fb661bd45 candidates=none | ppt/media/image73.svg sha256=df1c4522faecb5ba99221b828566397b9560dede7b5b9658df8ad9236e6f6fc7 candidates=none | ppt/media/image78.svg sha256=34039c94a22baf80b9bf459a67616c5f5fd63c5871059fe104116cd4e5d14144 candidates=none,,,,,,ppt/media/image72.svg sha256=b63d69beed91585091dbd3044b6aef341d9a19cfaffe6293987d0d1d9c65f99d candidates=none | ppt/media/image77.svg sha256=a3894fec4645ac467276561ba15de4486a5cec7e5471a3513e9b59f00a8c7594 candidates=none | ppt/media/image67.svg sha256=0067f39148d508a08bf258ea33cad65b9200e89173ea537b667be06148f3769b candidates=none | ppt/media/image71.svg sha256=a9fdb2d521d148440bafbd4121f1a2161b55df67d68ca8e37fc44b8fa3330c80 candidates=none | ppt/media/image76.svg sha256=049a912d49b00da5c1b1aa78dc2f9945dad9ae6a9439ac66571cfb8bfcc825fb candidates=none | ppt/media/image26.svg sha256=422a9bba3681e665015554bec74071048175624b266c3b6e30123f638baf4210 candidates=none | ppt/media/image70.svg sha256=4812f35797f80d657fa1edd6051e5b4daca5263557343d51125794574b1633e4 candidates=none | ppt/media/image75.svg sha256=2350e6efd960b128a698e3bba537defafef294eceb52526f3673da47091ad3e4 candidates=none | ppt/media/image69.svg sha256=6350e7d84073325d35194de94d338d1460de66c8c00065cc03744a5c24658419 candidates=none | ppt/media/image25.svg sha256=0a661ad34905e2f09b4fc013f7378cd05da84333a321d3d00f477eaf7389aad3 candidates=none | ppt/media/image74.svg sha256=e7295545d303c4217ef5ea41c0d272ebfb6269dea4e73706c3d291c7e840ffaa candidates=none | ppt/media/image68.svg sha256=2ff5416cddd58d4b8aa1416e4c96a1d7f85433d726aaf3980fb3d70fb661bd45 candidates=none | ppt/media/image73.svg sha256=df1c4522faecb5ba99221b828566397b9560dede7b5b9658df8ad9236e6f6fc7 candidates=none | ppt/media/image78.svg sha256=34039c94a22baf80b9bf459a67616c5f5fd63c5871059fe104116cd4e5d14144 candidates=none,,,static dependency audit cross-check required,static dependency audit cross-check required,partial,canonical_current
10,Constraint ,"Constraint  | coverage | Problem scale | Basic routing | Capacity and operating time | SOC, and | charging conditions | Operationally representative | conditions | Few customers | More vehicles | and customers | Larger variable or | qubit requirements | Toy  | I | nstance | Small Instance with Rich Operational Constraints | Large Instance with Basic Constraints | Operationally Representative Application Requirements Potential within this space | Problem Scale Alone Is Not Sufficient | . |  A larger problem instance is not necessarily more representative of real-world transportation operations. | Potential within this space | Positioning Quantum-VRP Studies by Problem-Instance Scale and Operational-Constraint Coverage",ppt/media/image84.svg sha256=0087041af8950dd306d9825a03781f2da12fbfb736d541daea43650cfd846d62 candidates=none | ppt/media/image89.svg sha256=b3463eb37d03aa2e7f48c3c9b4b9f9eaa942da370d0ad40410b9072d22969e6d candidates=none | ppt/media/image94.svg sha256=ab246079d53ba9946fb9d069ee08d5dcf09ba4b2154adcae4a4d889fcfdd08d3 candidates=none | ppt/media/image79.svg sha256=7f5dbcd195c958e0e20fade74ece2c7457a9c7124227a76b43ad10faf5a61777 candidates=none | ppt/media/image26.svg sha256=422a9bba3681e665015554bec74071048175624b266c3b6e30123f638baf4210 candidates=none | ppt/media/image83.svg sha256=8c461d2f360f9b19c2376a2a2dfbff71ad8a76a07ac9eaa774f343f26286cb67 candidates=none | ppt/media/image88.svg sha256=4ab2d40dbb3fce6eda7ce7827e9a8e59cadb465eed992e57413e51595e9051ad candidates=none | ppt/media/image93.svg sha256=3e654cfef99c2f5fc74e7033f78a13b70738714afeda1079dadbeb01e7dc2de4 candidates=none | ppt/media/image92.svg sha256=b677256f746c699f1984a17940804da03a52ba8b3aff64e5bc5c6ee6899dd75a candidates=none | ppt/media/image25.svg sha256=0a661ad34905e2f09b4fc013f7378cd05da84333a321d3d00f477eaf7389aad3 candidates=none | ppt/media/image82.svg sha256=8b6896d677cf48e48b0b080d93dac0d9f3768bc7e14c4d3480ca692d80d58db8 candidates=none | ppt/media/image87.svg sha256=d1af09b85624de9a0dc2486beaae87f11147a539ec10205a8c8e9adbdee306dc candidates=none | ppt/media/image81.svg sha256=7ed70ca97af9aec1028a3776f15231081754ca792f011ae493d1583571c6ad6b candidates=none | ppt/media/image91.svg sha256=6ba0d419fadf4f06cc87e6bee32c1d6dc988c25fdcd86f112c719969214d51a3 candidates=none | ppt/media/image86.svg sha256=d9381c42eca32b3fb8da4b8ebcc4e673bee3f116ffe91aea849c40511010109e candidates=none | ppt/media/image95.svg sha256=0a6e5a5e1545cffbc625f94a10640831bb6b4ca4b66f88dbfafad048400eb097 candidates=none | ppt/media/image80.svg sha256=34b25622737decbcf41e7f782e412653ac341d203c3e301f6461d1d0d234bbfb candidates=none | ppt/media/image85.svg sha256=c5eb6fa4cff3d58b28a3d81dfb0396e9a25746773a5951bbfe5919e85d3eb2c9 candidates=none | ppt/media/image90.svg sha256=2a431a4604ebcf96c11c984de46913ebc4b4fcdbcc35e42eb79112e90c7bf6e0 candidates=none,,,,,,ppt/media/image84.svg sha256=0087041af8950dd306d9825a03781f2da12fbfb736d541daea43650cfd846d62 candidates=none | ppt/media/image89.svg sha256=b3463eb37d03aa2e7f48c3c9b4b9f9eaa942da370d0ad40410b9072d22969e6d candidates=none | ppt/media/image94.svg sha256=ab246079d53ba9946fb9d069ee08d5dcf09ba4b2154adcae4a4d889fcfdd08d3 candidates=none | ppt/media/image79.svg sha256=7f5dbcd195c958e0e20fade74ece2c7457a9c7124227a76b43ad10faf5a61777 candidates=none | ppt/media/image26.svg sha256=422a9bba3681e665015554bec74071048175624b266c3b6e30123f638baf4210 candidates=none | ppt/media/image83.svg sha256=8c461d2f360f9b19c2376a2a2dfbff71ad8a76a07ac9eaa774f343f26286cb67 candidates=none | ppt/media/image88.svg sha256=4ab2d40dbb3fce6eda7ce7827e9a8e59cadb465eed992e57413e51595e9051ad candidates=none | ppt/media/image93.svg sha256=3e654cfef99c2f5fc74e7033f78a13b70738714afeda1079dadbeb01e7dc2de4 candidates=none | ppt/media/image92.svg sha256=b677256f746c699f1984a17940804da03a52ba8b3aff64e5bc5c6ee6899dd75a candidates=none | ppt/media/image25.svg sha256=0a661ad34905e2f09b4fc013f7378cd05da84333a321d3d00f477eaf7389aad3 candidates=none | ppt/media/image82.svg sha256=8b6896d677cf48e48b0b080d93dac0d9f3768bc7e14c4d3480ca692d80d58db8 candidates=none | ppt/media/image87.svg sha256=d1af09b85624de9a0dc2486beaae87f11147a539ec10205a8c8e9adbdee306dc candidates=none | ppt/media/image81.svg sha256=7ed70ca97af9aec1028a3776f15231081754ca792f011ae493d1583571c6ad6b candidates=none | ppt/media/image91.svg sha256=6ba0d419fadf4f06cc87e6bee32c1d6dc988c25fdcd86f112c719969214d51a3 candidates=none | ppt/media/image86.svg sha256=d9381c42eca32b3fb8da4b8ebcc4e673bee3f116ffe91aea849c40511010109e candidates=none | ppt/media/image95.svg sha256=0a6e5a5e1545cffbc625f94a10640831bb6b4ca4b66f88dbfafad048400eb097 candidates=none | ppt/media/image80.svg sha256=34b25622737decbcf41e7f782e412653ac341d203c3e301f6461d1d0d234bbfb candidates=none | ppt/media/image85.svg sha256=c5eb6fa4cff3d58b28a3d81dfb0396e9a25746773a5951bbfe5919e85d3eb2c9 candidates=none | ppt/media/image90.svg sha256=2a431a4604ebcf96c11c984de46913ebc4b4fcdbcc35e42eb79112e90c7bf6e0 candidates=none,,,static dependency audit cross-check required,static dependency audit cross-check required,partial,canonical_current
11,Original question,"Original question | Problem scale and qubit requirements for social implementation | Evaluation Process Used to Review Quantum-Technology Application Studies | Define Application  | Requirements | Problem scale | Operational constraints | Required Technology and  | Validation Stages Validation content by stage | Represented scale | Included constraints | Evaluation modality and validation status | Missing scale |  Missing constraints | Transpiration and hardware-related considerations | Gap between required and reported solution quality | Interpret Future Resource  | Requirements | 【 | Prerequisites | 】 | Target problem definition | Required-constraint definition | Evaluation Process for Application-Oriented Quantum-Technology Assessment | The target problem and required constraints must be defined, and the gap between application  | requirements and the current technological level must be identified. | resource estimates become meaningful only after the target problem and required constraints have been defined. | Identify the Application–Technology Gap | Assess Current | Quantum Coverage",ppt/media/image101.svg sha256=904b1d3fe42d88d9607b7d54ccc3860f4db9d8b3fa39e6ac95a9778585b73140 candidates=none | ppt/media/image106.svg sha256=304f74af04ed7b253738264b24707f99ec1edb9e4e0f6a8b3a56649394585894 candidates=none | ppt/media/image96.svg sha256=8aab8f0ec7b6f36c0b2bf63075db141d4fb37014288896f7659bb496674f99c7 candidates=none | ppt/media/image100.svg sha256=83b73420da142bc77ed4cdbc5cb72284bcce78c2ab5008d8108efac63fb961a6 candidates=none | ppt/media/image105.svg sha256=dc6fdfa7df1a5f46a273e5c052c2d5ece8b8b85c4cf3a8b2bf246cc883140304 candidates=none | ppt/media/image26.svg sha256=422a9bba3681e665015554bec74071048175624b266c3b6e30123f638baf4210 candidates=none | ppt/media/image99.svg sha256=9eb9f878f2013b13669c8659ee1a352aad19689d3baa0ca4a534c3766c3c79f0 candidates=none | ppt/media/image104.svg sha256=8350dd73587f1d575140a232ea0f093d3bfa293e2806eaad06f35328d43b1da6 candidates=none | ppt/media/image98.svg sha256=a504f3f8c0b80cc71b99bfaf72015aef793d146296a25cc3377c51f6a3bf1c6a candidates=none | ppt/media/image25.svg sha256=0a661ad34905e2f09b4fc013f7378cd05da84333a321d3d00f477eaf7389aad3 candidates=none | ppt/media/image103.svg sha256=cc54cf911bce4c3f3fcff597cbbd04b2899c6c35b8186f0ea0614ed6061ea332 candidates=none | ppt/media/image97.svg sha256=105fd9ccc055cf45ac7146daebd7da4528b3dcdc7247643cfd659b89c053253b candidates=none | ppt/media/image102.svg sha256=e29ea5c9f7c714da91148203de6e3e4c8ebe99b55033cd7f1dd874f65ac8f320 candidates=none | ppt/media/image107.svg sha256=5076200684533964be2a7fe6a7293d48fcb158500a0010f5f8b2ea9025b591c6 candidates=none,,,,,,ppt/media/image101.svg sha256=904b1d3fe42d88d9607b7d54ccc3860f4db9d8b3fa39e6ac95a9778585b73140 candidates=none | ppt/media/image106.svg sha256=304f74af04ed7b253738264b24707f99ec1edb9e4e0f6a8b3a56649394585894 candidates=none | ppt/media/image96.svg sha256=8aab8f0ec7b6f36c0b2bf63075db141d4fb37014288896f7659bb496674f99c7 candidates=none | ppt/media/image100.svg sha256=83b73420da142bc77ed4cdbc5cb72284bcce78c2ab5008d8108efac63fb961a6 candidates=none | ppt/media/image105.svg sha256=dc6fdfa7df1a5f46a273e5c052c2d5ece8b8b85c4cf3a8b2bf246cc883140304 candidates=none | ppt/media/image26.svg sha256=422a9bba3681e665015554bec74071048175624b266c3b6e30123f638baf4210 candidates=none | ppt/media/image99.svg sha256=9eb9f878f2013b13669c8659ee1a352aad19689d3baa0ca4a534c3766c3c79f0 candidates=none | ppt/media/image104.svg sha256=8350dd73587f1d575140a232ea0f093d3bfa293e2806eaad06f35328d43b1da6 candidates=none | ppt/media/image98.svg sha256=a504f3f8c0b80cc71b99bfaf72015aef793d146296a25cc3377c51f6a3bf1c6a candidates=none | ppt/media/image25.svg sha256=0a661ad34905e2f09b4fc013f7378cd05da84333a321d3d00f477eaf7389aad3 candidates=none | ppt/media/image103.svg sha256=cc54cf911bce4c3f3fcff597cbbd04b2899c6c35b8186f0ea0614ed6061ea332 candidates=none | ppt/media/image97.svg sha256=105fd9ccc055cf45ac7146daebd7da4528b3dcdc7247643cfd659b89c053253b candidates=none | ppt/media/image102.svg sha256=e29ea5c9f7c714da91148203de6e3e4c8ebe99b55033cd7f1dd874f65ac8f320 candidates=none | ppt/media/image107.svg sha256=5076200684533964be2a7fe6a7293d48fcb158500a0010f5f8b2ea9025b591c6 candidates=none,,,static dependency audit cross-check required,static dependency audit cross-check required,partial,canonical_current
12,Exploratory Workflow for Transport-Constraint Evaluation,"Exploratory Workflow for Transport-Constraint Evaluation | D | eveloped an exploratory workflow to examine transport-specific problem scale, operational constraints, and their representation in current quantum-VRP studies. | Open-Data Inputs | Synthetic Scenario Generation | Route-Proxy Construction | Operational-Constraint Evaluation | Configuration and Parameter Checks | Comparison with Quantum-VRP Studies | Application-Side Evaluation Workflow",ppt/media/image25.svg sha256=0a661ad34905e2f09b4fc013f7378cd05da84333a321d3d00f477eaf7389aad3 candidates=none | ppt/media/image35.svg sha256=2c680d5c7599c9d5e982a63558f26de7881b35d162db0adc1cc1cb027ec516b4 candidates=none | ppt/media/image26.svg sha256=422a9bba3681e665015554bec74071048175624b266c3b6e30123f638baf4210 candidates=none,,,,,,ppt/media/image25.svg sha256=0a661ad34905e2f09b4fc013f7378cd05da84333a321d3d00f477eaf7389aad3 candidates=none | ppt/media/image35.svg sha256=2c680d5c7599c9d5e982a63558f26de7881b35d162db0adc1cc1cb027ec516b4 candidates=none | ppt/media/image26.svg sha256=422a9bba3681e665015554bec74071048175624b266c3b6e30123f638baf4210 candidates=none,,,static dependency audit cross-check required,static dependency audit cross-check required,partial,canonical_current
13,Open Data Inputs and Their Analytical Roles,"Open Data Inputs and Their Analytical Roles | Open data were used to define the spatial and technical conditions of the scenarios, while  | customer demand, route construction, and operational outcomes remained synthetic or proxied. | Open-data input | Records Used | Analytical Role | What it does not represent | e-Stat Tokyo population mesh | 5,448 mesh cells | Used as population weights for sampling synthetic customer locations and as the spatial population context | Observed customer demand or delivery records | Open Charge Map connections clipped to Tokyo | 137 charger-connection records | Used to screen charger candidates, calculate nearest-candidate distance, and evaluate geographic access and simplified charging support | Real-time availability, queues, or actual charger use | Public logistics-facility depot proxy snapshot | 440 depot candidates | Used to define candidate depot locations and select a depot proxy for route construction | Actual company depots or operational capacity | Public vehicle-specification snapshot | 10 vehicle records | Used to define battery capacity, catalog range, payload capacity, and the usable-range assumption",ppt/media/image25.svg sha256=0a661ad34905e2f09b4fc013f7378cd05da84333a321d3d00f477eaf7389aad3 candidates=none | ppt/media/image26.svg sha256=422a9bba3681e665015554bec74071048175624b266c3b6e30123f638baf4210 candidates=none,,,,,,ppt/media/image25.svg sha256=0a661ad34905e2f09b4fc013f7378cd05da84333a321d3d00f477eaf7389aad3 candidates=none | ppt/media/image26.svg sha256=422a9bba3681e665015554bec74071048175624b266c3b6e30123f638baf4210 candidates=none,,,static dependency audit cross-check required,static dependency audit cross-check required,partial,canonical_current
14,Problem Scale and Scenario Design,"Problem Scale and Scenario Design | Category | Evaluation Dimension | Current Setting | Problem Scale | Number of customers | 25, 50, 100 | Number of vehicles | 1, 3, 5 | Charger-availability condition | Conservative, Balanced, Broad | Operational Assumptions | Usable driving range | 81.2 km | Vehicle payload capacity | 2,000 kg | Operating-time limit | 480 min | Assumed travel speed | 25 km/h | Scenario Design | Factorial scenario structure | 3 × 3 × 3 | Total scenario configurations | 27 | Independent random seeds | 100 | Configurations by customer-count level | 300 | Evaluation Volume | Conditional evaluations | 2,700 | Route-condition evaluations | 8,100 | Synthetic customer records | 17,500 | Bootstrap iterations | 1,000",ppt/media/image25.svg sha256=0a661ad34905e2f09b4fc013f7378cd05da84333a321d3d00f477eaf7389aad3 candidates=none | ppt/media/image26.svg sha256=422a9bba3681e665015554bec74071048175624b266c3b6e30123f638baf4210 candidates=none,,,,,,ppt/media/image25.svg sha256=0a661ad34905e2f09b4fc013f7378cd05da84333a321d3d00f477eaf7389aad3 candidates=none | ppt/media/image26.svg sha256=422a9bba3681e665015554bec74071048175624b266c3b6e30123f638baf4210 candidates=none,,,static dependency audit cross-check required,static dependency audit cross-check required,partial,canonical_current
15,Generated Scenario Map and Route Proxy,"Generated Scenario Map and Route Proxy | constructed a common route proxy to compare how customer configurations and vehicle assignments affect the evaluated operational constraints | ※ | The map is illustrative and does not represent an optimized EVRP solution, an observed delivery route, or an actual road-network route.",ppt/media/image25.svg sha256=0a661ad34905e2f09b4fc013f7378cd05da84333a321d3d00f477eaf7389aad3 candidates=none | ppt/media/image108.png sha256=464387684208719cd89a49fbebe2e3e45255d6097727c5a4fce84b9c6600a440 candidates=none | ppt/media/image26.svg sha256=422a9bba3681e665015554bec74071048175624b266c3b6e30123f638baf4210 candidates=none,,,,,,ppt/media/image25.svg sha256=0a661ad34905e2f09b4fc013f7378cd05da84333a321d3d00f477eaf7389aad3 candidates=none | ppt/media/image108.png sha256=464387684208719cd89a49fbebe2e3e45255d6097727c5a4fce84b9c6600a440 candidates=none | ppt/media/image26.svg sha256=422a9bba3681e665015554bec74071048175624b266c3b6e30123f638baf4210 candidates=none,,,static dependency audit cross-check required,static dependency audit cross-check required,partial,canonical_current
16,Provisional Evaluation of Operational Constraints,"Provisional Evaluation of Operational Constraints | Under the current synthetic conditions, we summarized each operational constraint by its model-conditional unmet rate, evaluation method, and current analytical basis. | Constraint | Model-Conditional Unmet Rate | Evaluation Method | Current Basis and Limitation | Payload capacity | 0.0% | Route demand compared with vehicle capacity | Synthetic data with assumed parameters | Operating-time limit | 33.5% | Estimated travel and service duration compared with the operating-time limit | Synthetic route proxy with assumed parameters | Range feasibility | 64.4% | Route-proxy distance compared with usable vehicle range | Manufacturer range with assumed usable ratio and route proxy | SOC feasibility | Not evaluated | Sequential state-of-charge modeling required | Not evaluated | Charging-station access | 10.7% | Distance from route-proxy nodes to retained charger candidates | Public candidate geography with substantial attribute missingness | Charging-assisted range feasibility | 33.3% | Simplified charging support for range-infeasible routes | Simplified proxy with public candidate geography | Charging-duration feasibility | 15.3% | Simplified duration condition using reported charger power | Simplified duration proxy; actual charging behavior not evaluated",ppt/media/image25.svg sha256=0a661ad34905e2f09b4fc013f7378cd05da84333a321d3d00f477eaf7389aad3 candidates=none | ppt/media/image26.svg sha256=422a9bba3681e665015554bec74071048175624b266c3b6e30123f638baf4210 candidates=none,,,,,,ppt/media/image25.svg sha256=0a661ad34905e2f09b4fc013f7378cd05da84333a321d3d00f477eaf7389aad3 candidates=none | ppt/media/image26.svg sha256=422a9bba3681e665015554bec74071048175624b266c3b6e30123f638baf4210 candidates=none,,,static dependency audit cross-check required,static dependency audit cross-check required,partial,canonical_current
17,Variation Across Customer Configurations and Analytical Conditions,Variation Across Customer Configurations and Analytical Conditions | We examined whether the provisional constraint results vary across customer configurations and one-at-a-time parameter changes. | Constraint | Spatial Variability | Parameter Sensitivity | Main Related Conditions | Payload capacity | Low | Low | Synthetic demand and vehicle capacity; no change in the evaluated one-at-a-time range | Operating-time limit | Low | High | Vehicle count; customer count; time limit; service time; speed | Range feasibility | Medium | High | Vehicle count; customer count; usable range/SOC reserve; road-distance multiplier | SOC feasibility | Not assessable | Not assessable | Sequential SOC model required | Charging-station access | Low | Low | Charger candidate set and access threshold; no change in the balanced-reference one-at-a-time design | Charging-assisted range feasibility | Medium | High | Vehicle count; customer count; usable range/SOC reserve; road-distance multiplier | Charging-duration feasibility | Low | High | Vehicle count; duration limit; customer count,ppt/media/image25.svg sha256=0a661ad34905e2f09b4fc013f7378cd05da84333a321d3d00f477eaf7389aad3 candidates=none | ppt/media/image26.svg sha256=422a9bba3681e665015554bec74071048175624b266c3b6e30123f638baf4210 candidates=none,,,,,,ppt/media/image25.svg sha256=0a661ad34905e2f09b4fc013f7378cd05da84333a321d3d00f477eaf7389aad3 candidates=none | ppt/media/image26.svg sha256=422a9bba3681e665015554bec74071048175624b266c3b6e30123f638baf4210 candidates=none,,,static dependency audit cross-check required,static dependency audit cross-check required,partial,canonical_current
18,distinguished whether an application requirement is represented in the reviewed quantum-VRP studies from how that requirement has been evaluated or validated.,"distinguished whether an application requirement is represented in the reviewed quantum-VRP studies from how that requirement has been evaluated or validated. | Application Requirements and Their Representation in Quantum-VRP Studies | Requirement group | Application-side check | Representation in the Reviewed Studies | Next clarification | Scale | Customers, vehicles, customers/vehicle | Varies across studies | Comparable scale indicators | Core Routing Constraints | Payload, operating time | Partially represented | Common evaluation conditions | EV-Specific Operational Constraints | Range, SOC, charging access | Limited in reviewed set | EVRP-specific formulation | Evaluation and Validation Modality | Evidence type and comparison | Varies across studies | Representation vs validation",ppt/media/image25.svg sha256=0a661ad34905e2f09b4fc013f7378cd05da84333a321d3d00f477eaf7389aad3 candidates=none | ppt/media/image26.svg sha256=422a9bba3681e665015554bec74071048175624b266c3b6e30123f638baf4210 candidates=none,,,,,,ppt/media/image25.svg sha256=0a661ad34905e2f09b4fc013f7378cd05da84333a321d3d00f477eaf7389aad3 candidates=none | ppt/media/image26.svg sha256=422a9bba3681e665015554bec74071048175624b266c3b6e30123f638baf4210 candidates=none,,,static dependency audit cross-check required,static dependency audit cross-check required,partial,canonical_current
19,Discussion: Two Directions for the Next Research Stage,"Discussion: Two Directions for the Next Research Stage | The next research stage can either increase the operational realism of the optimization problem or develop a broader framework linking problem instances, quantum-technology stages, and evolving transportation requirements. | Toward Real-World |   | Optimization | Road-network-based distances | Calibrated or observed demand | Time windows, SOC, and charging dynamics | Classical optimization baseline | Operational validation | A more realistic and validated transportation-optimization study | Toward an Application-Stage Framework | Problem instances and required constraints | Expected quantum-technology stages | Staged quantum utility | Adjacent technologies: materials, batteries | Expert expectations and social requirements | A framework for examining how application requirements evolve with quantum and transportation technologies",ppt/media/image25.svg sha256=0a661ad34905e2f09b4fc013f7378cd05da84333a321d3d00f477eaf7389aad3 candidates=none | ppt/media/image26.svg sha256=422a9bba3681e665015554bec74071048175624b266c3b6e30123f638baf4210 candidates=none,,,,,,ppt/media/image25.svg sha256=0a661ad34905e2f09b4fc013f7378cd05da84333a321d3d00f477eaf7389aad3 candidates=none | ppt/media/image26.svg sha256=422a9bba3681e665015554bec74071048175624b266c3b6e30123f638baf4210 candidates=none,,,static dependency audit cross-check required,static dependency audit cross-check required,partial,canonical_current
20,Application Study,"Application Study | Reference [7] | 1. literatures |  and Open Data | Quantum Routing Studies Reviewed for Circuit-Width Extraction | Azad et al. (2020) Solving Vehicle Routing Problem Using Quantum Approximate Optimization Algorithm. arXiv:2002.01351 | https:// | arxiv.org | /abs/2002.01351 | Palackal |  et al. (2023) Quantum-Assisted Solution Paths for the Capacitated Vehicle Routing Problem. arXiv:2304.09629 | https:// | arxiv.org | /abs/2304.09629 | Xie et al. (2023) A Feasibility-Preserved Quantum Approximate Solver for the Capacitated Vehicle Routing Problem. arXiv:2308.08785 | https:// | arxiv.org | /abs/2308.08785 | Leonidas et al. (2023) Qubit-Efficient Quantum Algorithms for the Vehicle Routing Problem on NISQ Processors. arXiv:2306.08507 | https:// | arxiv.org | /abs/2306.08507 | Fitzek et al. (2024) Applying Quantum Approximate Optimization to the Heterogeneous Vehicle Routing Problem. Scientific Reports, 14, 25415 https:// | doi.org | /10.1038/s41598-024-76967-w  | Azfar et al. (2025) Quantum-Assisted Vehicle Routing: Realizing a QAOA-Based Approach on a Gate-Based Quantum Computer. arXiv:2505.01614 https:// | arxiv.org | /abs/2505.01614",ppt/media/image109.svg sha256=f06ccb38e20cfdce047db21bb3a500c368fb7ecdae4a55ea26931b2ce11f5421 candidates=none | ppt/media/image26.svg sha256=422a9bba3681e665015554bec74071048175624b266c3b6e30123f638baf4210 candidates=none | ppt/media/image25.svg sha256=0a661ad34905e2f09b4fc013f7378cd05da84333a321d3d00f477eaf7389aad3 candidates=none,,,,20,https:// | https:// | https:// | https://,ppt/media/image109.svg sha256=f06ccb38e20cfdce047db21bb3a500c368fb7ecdae4a55ea26931b2ce11f5421 candidates=none | ppt/media/image26.svg sha256=422a9bba3681e665015554bec74071048175624b266c3b6e30123f638baf4210 candidates=none | ppt/media/image25.svg sha256=0a661ad34905e2f09b4fc013f7378cd05da84333a321d3d00f477eaf7389aad3 candidates=none,,,static dependency audit cross-check required,static dependency audit cross-check required,partial,canonical_current
21,2. Literatures and Open Data,2. Literatures and Open Data | Methodology | QED-C–Related Benchmarking Methodology | Lubinski et al. (2021) Application-Oriented Performance Benchmarks for Quantum Computing. https:// | arxiv.org | /abs/2110.03137  | Lubinski et al. (2023) Optimization Applications as Quantum Performance Benchmarks. https:// | arxiv.org | /abs/2302.02278  | Lubinski et al. (2024) Quantum Algorithm Exploration Using Application-Oriented Performance Benchmarks. https:// | arxiv.org | /abs/2402.08985  | Quantum Utility and Practical Quantum Advantage  | Herrmann et al. (2023) Quantum Utility—Definition and Assessment of a Practical Quantum Advantage. https:// | arxiv.org | /abs/2303.02138  | Beverland |  et al. (2022) Assessing Requirements to Scale to Practical Quantum Advantage. https:// | arxiv.org | /abs/2211.07629  | Application-Specific Quantum-Resource Study | Onah and Michielsen (2025) Requirements for Early Quantum Advantage and Quantum Utility in the Capacitated Vehicle Routing Problem.  | https:// | arxiv.org | /abs/2509.11469 ,ppt/media/image110.svg sha256=6fe23e28184feaaebffc292f131330e36760c94f5276439f5240fb9f1f4542c6 candidates=none | ppt/media/image26.svg sha256=422a9bba3681e665015554bec74071048175624b266c3b6e30123f638baf4210 candidates=none | ppt/media/image25.svg sha256=0a661ad34905e2f09b4fc013f7378cd05da84333a321d3d00f477eaf7389aad3 candidates=none,,,,21,https://,ppt/media/image110.svg sha256=6fe23e28184feaaebffc292f131330e36760c94f5276439f5240fb9f1f4542c6 candidates=none | ppt/media/image26.svg sha256=422a9bba3681e665015554bec74071048175624b266c3b6e30123f638baf4210 candidates=none | ppt/media/image25.svg sha256=0a661ad34905e2f09b4fc013f7378cd05da84333a321d3d00f477eaf7389aad3 candidates=none,,,static dependency audit cross-check required,static dependency audit cross-check required,partial,canonical_current
22,3. Literatures and Open Data,3. Literatures and Open Data | Data | Used in the Current Analysis | e-Stat |  —  | 2020 Population Census: Grid Square Statistics | Open Charge Map |  —  | Open Charge Map API | Reviewed but Not Used in the Current Analysis | International Energy Agency |  —  | Global EV Data Explorer | World Bank |  —  | Logistics Performance Index | OpenStreetMap / Geofabrik |  —  | Kanto Road-Network Data | Tokyo Metropolitan Bureau of Transportation / ODPT |  —  | GTFS and Public Transportation Open Data | Japan Road Traffic Information Center |  —  | Open Traffic Information API | Tokyo Metropolitan Police Department / Tokyo Open Data Catalog |  —  | Traffic Volume Statistics | Schneider / Goeke |  —  | Public E-VRPTW Benchmark Instances | Mavrovouniotis et al. |  —  | Public E-CVRP Benchmark Instances | CVRPLIB |  —  | Public CVRP Benchmark Library,ppt/media/image110.svg sha256=6fe23e28184feaaebffc292f131330e36760c94f5276439f5240fb9f1f4542c6 candidates=none | ppt/media/image26.svg sha256=422a9bba3681e665015554bec74071048175624b266c3b6e30123f638baf4210 candidates=none | ppt/media/image25.svg sha256=0a661ad34905e2f09b4fc013f7378cd05da84333a321d3d00f477eaf7389aad3 candidates=none,,,,22,,ppt/media/image110.svg sha256=6fe23e28184feaaebffc292f131330e36760c94f5276439f5240fb9f1f4542c6 candidates=none | ppt/media/image26.svg sha256=422a9bba3681e665015554bec74071048175624b266c3b6e30123f638baf4210 candidates=none | ppt/media/image25.svg sha256=0a661ad34905e2f09b4fc013f7378cd05da84333a321d3d00f477eaf7389aad3 candidates=none,,,static dependency audit cross-check required,static dependency audit cross-check required,partial,canonical_current
