lever,level,classical_total_inflow,quantum_total_inflow,delta_abs,delta_pct
search_multiplier,0.85,41425.15307077489,41450.60829137651,25.455220601623296,0.06144870619580582
search_multiplier,1.0,41425.15307077489,41455.21479486937,30.06172409447754,0.07256877009752281
search_multiplier,1.15,41425.15307077489,41459.856642749386,34.7035719744963,0.08377415507724313
adoption_multiplier,0.85,41425.15307077489,41452.81362923316,27.660558458272135,0.0667723747719509
adoption_multiplier,1.0,41425.15307077489,41455.21479486937,30.06172409447754,0.07256877009752281
adoption_multiplier,1.15,41425.15307077489,41457.450219542996,32.297148768106126,0.0779650680177969
elasticity_multiplier,0.85,41425.15307077489,41450.703793038694,25.550722263804346,0.061679246471705064
elasticity_multiplier,1.0,41425.15307077489,41455.21479486937,30.06172409447754,0.07256877009752281
elasticity_multiplier,1.15,41425.15307077489,41459.72641219687,34.57334142197942,0.08345977952793766
