source_id,variable_id,variable_name,variable_group,extracted_evidence,expected_direction_for_problem_complexity,vrp_evrp_mapping,social_stage_relevance,quantum_relation,source_location,confidence,notes,readiness_axis,social_readiness_level,readiness_use,primary_evidence_status
iea-global-ev-outlook-2026,ev_stock,EV stock,social_exogenous,"IEA Global EV Data Explorer covers historical and projected EV sales, stock, charging infrastructure, and oil displacement.",Indicates scale of EV transition context but does not directly determine a single VRP instance size.,context variable for EV logistics scale,EV-integrated routing; large-scale dynamic EV logistics,classical_or_exogenous,IEA Global EV Outlook 2026 lines 243-245,medium,Do not convert EV stock directly to vehicles_K.,Technology readiness,SRL3-SRL4,"social background context, not direct Resource readiness",primary_source_registered
iea-ev-charging-2026,public_charging_capacity,Public charging capacity,infrastructure,IEA reports global public charging capacity per electric LDV rising from 4 kW to 4.5 kW between 2024 and 2025.,Higher charging capacity can ease EV adoption while adding charging-choice constraints to routing models.,charging_stations_S; charging_capacity,EV-integrated routing,classical_or_exogenous,IEA charging chapter line 351,medium,Public charging and depot charging should be separated.,Resource readiness,SRL3,infrastructure context affecting charging constraints,primary_source_registered
iea-ev-charging-2026,charging_speed,Average charging speed,infrastructure,IEA reports average charging-point speed rising from just over 40 kW in 2024 to nearly 50 kW in 2025.,Faster charging can reduce charging-time burden but still creates scheduling and station-choice decisions.,charging_time; charging station service time,EV-integrated routing,classical_or_exogenous,IEA charging chapter line 351,medium,Use directionally; not a direct quantum variable.,Constraint readiness,SRL3,charging-time constraint context,primary_source_registered
nrel-mdhd-charging-2024,duty_cycle,Duty cycle / vocation,operation,"NREL/OSTI notes diverse operational requirements and duty cycles across transit buses, school buses, medium trucks, and heavy trucks.",More diverse duty cycles increase heterogeneity and routing/charging constraints.,heterogeneous fleet; route duration; charging need,urban constrained logistics; EV-integrated routing,classical_or_exogenous,OSTI report lines 76 and 52,high,,Problem readiness,SRL3,fleet-operation heterogeneity context,primary_source_registered
nrel-mdhd-charging-2024,fleet_size,Fleet size range,operation,NREL/OSTI notes that fleet-size ranges present unique charging and infrastructure requirements.,Larger or more heterogeneous fleets increase routing and charging coordination complexity.,vehicles_K; fleet heterogeneity,EV-integrated routing,classical_or_exogenous,OSTI report line 76,medium,Fleet size may define scenario stage but should not be inferred from EV stock alone.,Resource readiness,SRL3,fleet-size scenario context; not inferred from EV stock,primary_source_registered
nrel-mdhd-charging-2024,depot_charging,Depot charging,infrastructure,NREL/OSTI identifies depot and other charging types as central for MD/HD charging requirements.,Depot charging introduces depot capacity and charging schedule constraints.,depots_D; depot charging capacity; charging schedule,EV-integrated routing,classical_or_exogenous,OSTI report line 52,high,,Constraint readiness,SRL3,depot charging and capacity constraint context,primary_source_registered
joint-office-2030-charging-network,charging_network_need,Public charging network need,infrastructure,"The 2030 charging report estimates national public charging network needs for 30-42 million PEVs by 2030 and stresses use cases, regions, and built environment.",Charging-network availability shapes feasible EV operations and charging-location constraints.,charging_stations_S; regional infrastructure,EV-integrated routing,classical_or_exogenous,2030 charging report lines 436-441,medium,"Use as infrastructure-stage context, not direct VRP instance size.",Resource readiness,SRL3,charging-network context; not direct K or N,primary_source_registered
joint-office-2030-charging-network,infrastructure_lead_time,Charging infrastructure lead time,infrastructure,The report notes charging infrastructure may need to come online before demand materializes.,Infrastructure timing can constrain or enable EV logistics stages.,charging availability; deployment timing,EV-integrated routing,classical_or_exogenous,2030 charging report lines 225-229,medium,,Technology readiness,SRL3-SRL4,deployment timing and system maturity context,primary_source_registered
cevrptw-customer-satisfaction-2025,time_windows,Time windows,operation_constraint,CEVRPTW includes customer earliest/latest service times that must be respected.,Tighter time windows increase feasibility and scheduling complexity.,time_windows_T,urban constrained logistics,classical_or_exogenous,MDPI lines 172-173,high,,Constraint readiness,SRL2,time-window constraint evidence,primary_source_registered
cevrptw-customer-satisfaction-2025,capacity_constraint,Vehicle capacity,operation_constraint,CEVRPTW considers limited EV load capacity.,Capacity constraints add feasibility restrictions and variables/penalties in formulations.,capacity_constraint_C,urban constrained logistics,classical_or_exogenous,MDPI lines 172-173,high,,Constraint readiness,SRL2,capacity constraint evidence,primary_source_registered
cevrptw-customer-satisfaction-2025,charge_status,Charge status,operation_constraint,CEVRPTW requires vehicle load and charge status to be taken into account.,Charge status adds EVRP-specific state and feasibility constraints.,battery_constraint_B; SOC,EV-integrated routing,classical_or_exogenous,MDPI lines 172-173,high,,Constraint readiness,SRL3,battery/SOC feasibility evidence,primary_source_registered
evrptw-charging-models-2024,soc,State of charge,operation_constraint,The EVRPTW modeling paper explicitly considers battery state of charge.,SOC increases model state and charging feasibility constraints.,battery_constraint_B; SOC,EV-integrated routing,classical_or_exogenous,Operational Research abstract line 66,high,,Constraint readiness,SRL3,SOC state constraint evidence,primary_source_registered
evrptw-charging-models-2024,charging_process,Linear/nonlinear charging process,operation_constraint,The paper compares linear and nonlinear charging-process models.,More realistic charging processes increase formulation and scheduling complexity.,charging function; charging time,EV-integrated routing,classical_or_exogenous,Operational Research abstract line 66,high,,Constraint readiness,SRL3,charging-process modeling evidence,primary_source_registered
cevrptw-customer-satisfaction-2025,last_mile_logistics,Last-mile logistics context,operation,The CEVRPTW paper frames the problem as last-mile logistics.,"Urban last-mile delivery increases relevance of time windows, customer density, and service quality.",customers_N; time_windows_T; service quality,urban constrained logistics,classical_or_exogenous,MDPI lines 148 and 165,medium,,Problem readiness,SRL2,urban last-mile problem-context evidence,primary_source_registered
dvrp-2013-pillac,reoptimization_frequency,Reoptimization frequency,operation_workflow,"Dynamic VRP is also referred to as real-time or online VRP, where part or all of the input is revealed during route execution.",Higher disruption and dynamic demand increase workflow pressure rather than circuit width alone.,workflow demand; runtime requirement,large-scale dynamic EV logistics,indirect_quantum,Pillac et al. 2013 abstract and review framing,high,Use as social/workflow pressure evidence rather than direct quantum variable.,Data/workflow readiness,SRL4,dynamic routing and reoptimization workflow pressure,primary_source_registered
evrptw-2014-schneider,recharging_station_choice,Recharging station choice,operation_constraint,E-VRPTW incorporates recharging at available stations together with limited freight capacity and customer time windows.,Adding station choice and recharging feasibility increases EVRP formulation complexity.,charging_stations_S; battery_constraint_B; time_windows_T,EV-integrated routing,classical_or_exogenous,Schneider et al. 2014 abstract,high,Foundational EVRPTW source.,Constraint readiness,SRL3,charging-station choice and EVRPTW feasibility evidence,primary_source_registered
commercial-ev-routing-urban-2020,commercial_urban_ev_routing,Commercial urban EV routing context,operation,The systematic literature review focuses on commercial electric vehicle routing in urban logistics.,Urban commercial EV routing links sustainability pressure with routing constraints and operational feasibility.,customers_N; vehicles_K; time_windows_T; charging_constraints,urban constrained logistics; EV-integrated routing,classical_or_exogenous,Frederhausen and Klumpp 2020 bibliographic record,medium,Use as stage-framing source; extract detailed variables if needed later.,Problem readiness,SRL2-SRL3,commercial urban EV routing problem-context evidence,primary_source_registered
