source_id,source_type,title,author_or_organization,year,url_or_path,status,relevance_to_social_stage,variables_expected,notes
iea-global-ev-outlook-2026,official_report,Global EV Outlook 2026,International Energy Agency,2026,,reviewed,Global EV adoption and charging infrastructure context,EV sales; EV stock; charging infrastructure; oil displacement; policy context,"IEA data explorer explicitly covers EV sales, stock, charging infrastructure, and oil displacement. Use for social-stage context, not direct K estimation."
iea-ev-charging-2026,official_report,Electric vehicle charging chapter - Global EV Outlook 2026,International Energy Agency,2026,,reviewed,Charging infrastructure maturity and charging capacity,charging speed; public charging capacity; charging points; LDV charging context,IEA reports average charging speed and public charging capacity per electric LDV increasing from 2024 to 2025. Use as charging-infrastructure stage evidence.
nrel-mdhd-charging-2024,technical_report,Electric Medium- and Heavy-Duty Vehicle Charging Infrastructure Attributes and Development,NREL / OSTI,2024,,reviewed,Medium/heavy-duty fleet charging and depot/infrastructure constraints,MD/HD vehicle classes; depot charging; duty cycles; fleet size; infrastructure requirements,"Report emphasizes diverse operational requirements, duty cycles, fleet sizes, and charging requirements for MD/HD vehicles."
joint-office-2030-charging-network,official_report,The 2030 National Charging Network: Estimating U.S. Light-Duty Demand for Electric Vehicle Charging Infrastructure,Joint Office / NREL,2023,,reviewed,Charging-network planning as a system-stage constraint,PEV stock scenario; public charging network; investment; regional built environment,Use as infrastructure-stage evidence. It estimates charging needs for 30-42 million PEVs by 2030 but should not be converted into VRP K.
wef-urban-logistics-2024,report,Transforming Urban Logistics: Sustainable and Efficient Last-Mile Delivery in Cities,World Economic Forum,2024,,to_review,Urban logistics and last-mile delivery constraints,last-mile delivery; urban logistics; emissions; EV vans; delivery density,Use for social-stage framing after PDF/source verification.
cevrptw-customer-satisfaction-2025,paper,Electric Vehicle Routing with Time Windows and Charging Stations from the Perspective of Customer Satisfaction,Applied Sciences,2025,,reviewed,EVRP/CVRP constraints in last-mile logistics,capacity; time windows; charge status; depot; customer satisfaction; last-mile logistics,Useful for mapping social-stage constraints to EVRP variables.
evrptw-charging-models-2024,paper,Mathematical models for the electric vehicle routing problem with time windows considering different aspects of the charging process,Operational Research,2024,,reviewed,EVRPTW charging-process and SOC modeling,SOC; recharging process; linear/nonlinear charging; time windows,Use for EV-integrated routing stage and formulation variables.
dvrp-2013-pillac,review,A review of dynamic vehicle routing problems,Pillac et al.,2013,,reviewed,Dynamic routing and reoptimization as logistics workflow pressure,dynamic requests; information evolution; degree of dynamism; real-time routing,Use for large_scale_dynamic_ev_logistics and reoptimization-frequency evidence.
evrptw-2014-schneider,paper,The Electric Vehicle-Routing Problem with Time Windows and Recharging Stations,Schneider et al.,2014,,reviewed,Canonical EVRPTW formulation with charging stations and time windows,recharging stations; battery capacity; freight capacity; customer time windows,Use as foundational EVRP formulation source linking social constraints to EVRP variables.
commercial-ev-routing-urban-2020,conference_chapter,Commercial Electric Vehicle Routing in Urban Logistics: A Systematic Literature Review,Frederhausen and Klumpp,2020,,reviewed,Commercial EV routing in urban logistics,urban logistics; commercial EV routing; last-mile constraints; sustainability,Use for urban_constrained_logistics and EV-integrated routing social-stage framing.
tokyo-ev-bus-truck-subsidy-2024,official_policy,EV bus and EV truck introduction support program,Tokyo Metropolitan Government Bureau of Environment,2024,,reviewed,Tokyo commercial EV policy support,EV buses; EV trucks; subsidy; commercial vehicle electrification,Use as Tokyo policy-side evidence that commercial EV deployment is socially relevant; not route-level data.
tokyo-ev-truck-subsidy-2026,official_policy,FY2026 EV bus and EV truck purchase subsidy press release,Tokyo Metropolitan Government,2026,,reviewed,Tokyo EV truck and charging support context,EV trucks; charging equipment; V2B; freight operator criteria,Use as evidence that EV truck deployment and charging infrastructure are linked in Tokyo policy; not optimization-input data.
yamato-ecanter-2023,company_release,eCanter electric trucks to Yamato Transport,Mitsubishi Fuso Truck and Bus Corporation,2023,,reviewed,Japanese commercial EV delivery deployment,electric trucks; parcel delivery; home delivery; daily charging,Use as operator deployment evidence that EV trucks are entering Japanese delivery operations; not a benchmark dataset.
fedex-japan-ev-fleet-2026,company_release,FedEx expands electric vehicle fleet in Japan,FedEx,2026,,reviewed,Tokyo-area parcel delivery electrification,electric trucks; last-mile operations; pickup and delivery; Tokyo; Kanagawa; Osaka,Use as concrete Tokyo-area commercial EV delivery evidence; small fleet count and no route-level data.
tokyo-last-mile-mckinsey-2021,industry_analysis,Efficient and sustainable last-mile logistics: Lessons from Japan,McKinsey,2021,,reviewed,Tokyo last-mile logistics pressure,Tokyo 23 wards; e-commerce; delivery vehicles; travel distance; CO2 pressure,Use as contextual urban logistics pressure evidence; scenario/industry analysis rather than raw open data.
evrp-nl-montoya-2017,paper,The electric vehicle routing problem with nonlinear charging function,Montoya et al.,2017,,reviewed,EVRP benchmark with nonlinear charging,nonlinear charging; partial charging; charging stations; EVRP testbed,Use to show charging-aware routing needs more than station counts; charging functions may need assumptions.
e-cvrp-benchmark-mavrovouniotis-2020,benchmark_repository,A Benchmark Test Suite for the Electric Capacitated Vehicle Routing Problem,Mavrovouniotis et al.,2020,,reviewed,EVRP benchmark instance fields and scale,vehicles; dimension; stations; energy capacity; cargo capacity,Use to compare classical EVRP benchmark fields/scale against quantum VRP toy-size evidence.
evrptw-instances-mendeley-2019,benchmark_dataset,E-VRPTW instances,Dominik Goeke / Mendeley Data,2019,,reviewed,Public EVRPTW benchmark dataset,E-VRPTW instance files; customers; charging stations; cargo capacity; battery capacity; ReadyTime; DueDate; ServiceTime,Use as the parsed benchmark dataset for time-window fields in the EVRP requirement map.
mlit-logistics-policy-2026-2030,official_policy,Comprehensive Logistics Policy Guidelines 2026-2030,Ministry of Land Infrastructure Transport and Tourism Japan,2026,,reviewed,Japan logistics policy and structural logistics constraints,logistics policy; transport capacity; productivity; labor shortage; logistics efficiency,Use as primary policy context for the Future Wheels root event and economic/operational-friction motivation.
mlit-logistics-2024-problem-briefing,official_policy,Logistics 2024 problem and policy package briefing,Ministry of Land Infrastructure Transport and Tourism Japan,2024,,reviewed,Quantitative motivation for logistics capacity pressure,2024 problem; 14 percent transport capacity shortage; 34 percent transport capacity shortage by 2030; loading and waiting time; delivery efficiency,"Use to support the root-event claim that logistics frictions are structural and economically important. Treat as motivation evidence, not routing-instance data."
mlit-logistics-decarbonization-support,official_policy,Support project for logistics decarbonization and efficiency,Ministry of Land Infrastructure Transport and Tourism Japan,2025,,reviewed,Policy support for logistics decarbonization and operational efficiency,logistics decarbonization; EV trucks; charging equipment; operational efficiency,Use as policy-side context linking logistics decarbonization and charging/EV operational constraints. Not a route-level dataset.
