ocm_id,title,latitude,longitude,town,postcode,operator,usage_type,status_type,connection_count,connection_types,max_power_kw,is_fast_charger_proxy,source,downloaded_at
302696,Tesla Supercharger Chofu,35.6630804,139.5249781,,,,,,1,,72.0,yes,Open Charge Map,2026-07-04
302687,Tesla Supercharger Kawaguchi,35.832434,139.735652,,,,,,1,,250.0,yes,Open Charge Map,2026-07-04
302688,Tesla Supercharger Kawasaki,35.5344339,139.6946541,,,,,,1,,250.0,yes,Open Charge Map,2026-07-04
302703,Tesla Supercharger Matsudo,35.817911,139.9340663,,,,,,1,,250.0,yes,Open Charge Map,2026-07-04
302629,Tesla Supercharger Misato,35.8355276,139.8791564,,,,,,1,,250.0,yes,Open Charge Map,2026-07-04
302641,Tesla Supercharger Saitama - Omiya,35.8935606,139.6074036,,,,,,1,,130.0,yes,Open Charge Map,2026-07-04
302642,Tesla Supercharger Saitama - Yono,35.8909156,139.6143888,,,,,,1,,250.0,yes,Open Charge Map,2026-07-04
302648,Tesla Supercharger Tokorozawa,35.8105484,139.5318971,,,,,,1,,250.0,yes,Open Charge Map,2026-07-04
302697,Tesla Supercharger Tokyo - Akasaka,35.6678335,139.7404632,,,,,,1,,130.0,yes,Open Charge Map,2026-07-04
302650,Tesla Supercharger Tokyo - Akihabara,35.700806,139.77301,,,,,,1,,250.0,yes,Open Charge Map,2026-07-04
302651,Tesla Supercharger Tokyo - Ariake,35.6381102,139.7926951,,,,,,1,,250.0,yes,Open Charge Map,2026-07-04
302693,Tesla Supercharger Tokyo - Daikanyama,35.6498578,139.6999268,,,,,,1,,250.0,yes,Open Charge Map,2026-07-04
302695,Tesla Supercharger Tokyo - Hibiya,35.6708484,139.7527831,,,,,,1,,250.0,yes,Open Charge Map,2026-07-04
302652,Tesla Supercharger Tokyo - Ikebukuro,35.7283387,139.7076034,,,,,,1,,250.0,yes,Open Charge Map,2026-07-04
302620,Tesla Supercharger Tokyo - Itabashi Maeno,35.7705912,139.6912243,,,,,,1,,250.0,yes,Open Charge Map,2026-07-04
302699,Tesla Supercharger Tokyo - Marunouchi,35.684656,139.761252,,,,,,1,,130.0,yes,Open Charge Map,2026-07-04
302698,Tesla Supercharger Tokyo - Odaiba,35.617642,139.776912,,,,,,1,,130.0,yes,Open Charge Map,2026-07-04
302653,Tesla Supercharger Tokyo - Roka Koen,35.6671843,139.6131187,,,,,,1,,250.0,yes,Open Charge Map,2026-07-04
302700,Tesla Supercharger Tokyo - Roppongi,35.65951,139.72853,,,,,,1,,130.0,yes,Open Charge Map,2026-07-04
302654,Tesla Supercharger Tokyo - Roppongi P2,35.6603979,139.729241,,,,,,1,,250.0,yes,Open Charge Map,2026-07-04
302649,Tesla Supercharger Tokyo - Senju,35.7636056,139.7895015,,,,,,1,,250.0,yes,Open Charge Map,2026-07-04
302655,Tesla Supercharger Tokyo - Setagaya Kinuta,35.636582,139.619671,,,,,,1,,250.0,yes,Open Charge Map,2026-07-04
302694,Tesla Supercharger Tokyo - Shinjuku,35.6882739,139.6934426,,,,,,1,,250.0,yes,Open Charge Map,2026-07-04
302656,Tesla Supercharger Tokyo - Suginami,35.7144467,139.6166538,,,,,,1,,250.0,yes,Open Charge Map,2026-07-04
302701,Tesla Supercharger Tokyo - Tokyo Bay,35.642276,139.804322,,,,,,1,,72.0,yes,Open Charge Map,2026-07-04
302657,Tesla Supercharger Tokyo - Toyotama,35.7323565,139.6565396,,,,,,1,,250.0,yes,Open Charge Map,2026-07-04
302658,Tesla Supercharger Tokyo - Yaesu,35.679191,139.76922,,,,,,1,,250.0,yes,Open Charge Map,2026-07-04
302659,Tesla Supercharger Tomei Kawasaki,35.587964,139.571373,,,,,,1,,250.0,yes,Open Charge Map,2026-07-04
302665,Tesla Supercharger Yokohama - Aoba,35.545572,139.525478,,,,,,1,,250.0,yes,Open Charge Map,2026-07-04
302667,Tesla Supercharger Yokohama - Kohoku,35.549347,139.618354,,,,,,1,,250.0,yes,Open Charge Map,2026-07-04
17707,あらかわエコセンター,35.73303276,139.78452,,,,,,1,,48.0,no,Open Charge Map,2026-07-04
17679,さいたま市桜区役所,35.85615544,139.6103094,,,,,,1,,48.0,no,Open Charge Map,2026-07-04
17669,さいたま市浦和区役所,35.86150826,139.6454506,,,,,,1,,48.0,no,Open Charge Map,2026-07-04
17168,びっくりドンキー　青葉台店,35.54279017,139.5205285,,,,,,1,,48.0,no,Open Charge Map,2026-07-04
17673,ららぽーと新三郷,35.85978729,139.8659769,,,,,,1,,48.0,no,Open Charge Map,2026-07-04
17538,イオン越谷レイクタウン,35.88187316,139.8282512,,,,,,1,,48.0,no,Open Charge Map,2026-07-04
17712,コシダテックコシダ大門ビル,35.65842354,139.7541232,,,,,,1,,48.0,no,Open Charge Map,2026-07-04
17104,コスモ石油セルフＮＥＷ江東ＳＳ,35.67589787,139.8227861,,,,,,1,,48.0,no,Open Charge Map,2026-07-04
17540,スーパーオートバックス２４６江田店,35.56698835,139.564682,,,,,,1,,48.0,no,Open Charge Map,2026-07-04
17724,セルリアンタワー,35.65635337,139.6994334,,,,,,1,,48.0,no,Open Charge Map,2026-07-04
17115,デルタ電子,35.65598212,139.7530151,,,,,,1,,48.0,no,Open Charge Map,2026-07-04
17156,ハセテック,35.52195237,139.6147216,,,,,,1,,48.0,no,Open Charge Map,2026-07-04
17717,パレスサイドビルディング,35.6909479,139.7574298,,,,,,1,,48.0,no,Open Charge Map,2026-07-04
17166,ファミリーマート荏田南三丁目店,35.54820411,139.5564475,,,,,,1,,48.0,no,Open Charge Map,2026-07-04
17727,ファミリーマート豊玉中三丁目店,35.73260557,139.6565057,,,,,,1,,48.0,no,Open Charge Map,2026-07-04
17164,ファミリーマート青葉大場町店,35.56923203,139.5346955,,,,,,1,,48.0,no,Open Charge Map,2026-07-04
17702,ローソン大井店,35.601632,139.7314832,,,,,,1,,48.0,no,Open Charge Map,2026-07-04
17758,ローソン川崎富士見一丁目店,35.53050319,139.7138019,,,,,,1,,48.0,no,Open Charge Map,2026-07-04
17685,三郷市役所,35.82937121,139.8722472,,,,,,1,,48.0,no,Open Charge Map,2026-07-04
17725,上板橋駐車場,35.75551479,139.6886658,,,,,,1,,48.0,no,Open Charge Map,2026-07-04
17714,中央区役所附属駐車場,35.67078366,139.7726822,,,,,,1,,48.0,no,Open Charge Map,2026-07-04
17709,丸の内パークビル,35.67895206,139.7630771,,,,,,1,,48.0,no,Open Charge Map,2026-07-04
17710,丸ノ内鍛冶橋駐車場,35.676894,139.766113,,,,,,1,,48.0,no,Open Charge Map,2026-07-04
17033,八潮ＰＡ（上り）,35.80939506,139.8427006,,,,,,1,,48.0,no,Open Charge Map,2026-07-04
17711,六本木駐車場,35.66561139,139.7388491,,,,,,1,,48.0,no,Open Charge Map,2026-07-04
17160,出光セルフつきみ野ＳＳ,35.51340611,139.4584072,,,,,,1,,48.0,no,Open Charge Map,2026-07-04
17719,区営月島出張所地下駐車場,35.66201532,139.7823179,,,,,,1,,48.0,no,Open Charge Map,2026-07-04
17718,区営浜町公園地下駐車場,35.68883755,139.7882467,,,,,,1,,48.0,no,Open Charge Map,2026-07-04
17713,千代田区本庁舎地下駐車場,35.69397529,139.7536522,,,,,,1,,48.0,no,Open Charge Map,2026-07-04
17030,埼玉日産自動車川口栄町店,35.80357423,139.7279881,,,,,,1,,48.0,no,Open Charge Map,2026-07-04
17036,埼玉日産自動車戸田店,35.82038254,139.6708338,,,,,,1,,48.0,no,Open Charge Map,2026-07-04
17054,埼玉日産自動車新座店,35.7978776,139.5676989,,,,,,1,,48.0,no,Open Charge Map,2026-07-04
17052,埼玉日産自動車草加店,35.82666231,139.8232486,,,,,,1,,48.0,no,Open Charge Map,2026-07-04
17731,大谷田駐車場,35.77621805,139.842766,,,,,,1,,48.0,no,Open Charge Map,2026-07-04
17101,太洋日産自動車販売芝浦中央支店,35.64121133,139.744522,,,,,,1,,48.0,no,Open Charge Map,2026-07-04
17760,岩田電機通信,35.62583728,139.5461114,,,,,,1,,48.0,no,Open Charge Map,2026-07-04
17785,工藤建設本社,35.56815763,139.5624683,,,,,,1,,48.0,no,Open Charge Map,2026-07-04
17057,市川ＰＡ（上り）,35.67689413,139.9325298,,,,,,1,,48.0,no,Open Charge Map,2026-07-04
17093,平和島ＰＡ（上り）,35.58601443,139.7427691,,,,,,1,,48.0,no,Open Charge Map,2026-07-04
17726,愛工大興,35.73889755,139.7130146,,,,,,1,,48.0,no,Open Charge Map,2026-07-04
17686,戸田市文化会館北側駐車場,35.81770237,139.6764001,,,,,,1,,48.0,no,Open Charge Map,2026-07-04
17716,日本パーキングセンター,35.6851654,139.7694568,,,,,,1,,48.0,no,Open Charge Map,2026-07-04
17720,日本橋兜町パーキング,35.68126594,139.7768536,,,,,,1,,48.0,no,Open Charge Map,2026-07-04
17046,日産プリンス埼玉販売与野店,35.88839122,139.629623,,,,,,1,,48.0,no,Open Charge Map,2026-07-04
17047,日産プリンス埼玉販売川口戸塚店,35.86675677,139.7513333,,,,,,1,,48.0,no,Open Charge Map,2026-07-04
17105,日産プリンス東京販売亀戸店,35.69667935,139.843689,,,,,,1,,48.0,no,Open Charge Map,2026-07-04
17128,日産プリンス東京販売成城店,35.63320407,139.5981318,,,,,,1,,48.0,no,Open Charge Map,2026-07-04
17119,日産プリンス東京販売江戸川店,35.70605659,139.8700947,,,,,,1,,48.0,no,Open Charge Map,2026-07-04
17118,日産プリンス東京販売江東店,35.67322894,139.835588,,,,,,1,,48.0,no,Open Charge Map,2026-07-04
17116,日産プリンス東京販売池上店,35.57887279,139.7009646,,,,,,1,,48.0,no,Open Charge Map,2026-07-04
17120,日産プリンス東京販売王子店,35.75062469,139.7478806,,,,,,1,,48.0,no,Open Charge Map,2026-07-04
17112,日産プリンス東京販売荻窪店,35.71198187,139.6047387,,,,,,1,,48.0,no,Open Charge Map,2026-07-04
17100,日産プリンス東京販売足立店,35.78501086,139.8032272,,,,,,1,,48.0,no,Open Charge Map,2026-07-04
17096,日産プリンス東京販売鮫洲店,35.60626789,139.7473956,,,,,,1,,48.0,no,Open Charge Map,2026-07-04
17109,日産プリンス東京販売２４６上馬店,35.63341906,139.662532,,,,,,1,,48.0,no,Open Charge Map,2026-07-04
17177,日産プリンス神奈川販売しらとり台店,35.53734892,139.5113934,,,,,,1,,48.0,no,Open Charge Map,2026-07-04
17143,日産プリンス神奈川販売中原店,35.57948564,139.6450553,,,,,,1,,48.0,no,Open Charge Map,2026-07-04
17179,日産プリンス神奈川販売港北ニュータウン北店,35.55872569,139.584728,,,,,,1,,48.0,no,Open Charge Map,2026-07-04
17181,日産プリンス神奈川販売麻生柿生店,35.57836663,139.5042837,,,,,,1,,48.0,no,Open Charge Map,2026-07-04
17121,日産プリンス西東京販売三鷹店,35.69051968,139.5702981,,,,,,1,,48.0,no,Open Charge Map,2026-07-04
17083,日産プリンス西東京販売久留米店,35.73983276,139.5076844,,,,,,1,,48.0,no,Open Charge Map,2026-07-04
17123,日産プリンス西東京販売府中店,35.67065665,139.4982911,,,,,,1,,48.0,no,Open Charge Map,2026-07-04
17122,日産プリンス西東京販売調布多摩川店,35.64593484,139.5293563,,,,,,1,,48.0,no,Open Charge Map,2026-07-04
17738,日産レンタカー　西新宿山手通り店,35.68840521,139.6830833,,,,,,1,,48.0,no,Open Charge Map,2026-07-04
17737,日産レンタカー　都立大学駅前店,35.61913473,139.6770259,,,,,,1,,48.0,no,Open Charge Map,2026-07-04
17706,日産レンタカー新小岩店,35.71931606,139.8573368,,,,,,1,,48.0,no,Open Charge Map,2026-07-04
17715,日産レンタカー東京駅八重洲口店,35.67803558,139.7685405,,,,,,1,,48.0,no,Open Charge Map,2026-07-04
17728,日産レンタカー練馬駅前店,35.7358274,139.6540779,,,,,,1,,48.0,no,Open Charge Map,2026-07-04
17695,日産レンタカー調布駅南口店,35.65177889,139.5422994,,,,,,1,,48.0,no,Open Charge Map,2026-07-04
17102,日産自動車販売三田高輪店,35.6479522,139.7406554,,,,,,1,,48.0,no,Open Charge Map,2026-07-04
17117,日産自動車販売中央晴海店,35.65451886,139.7799407,,,,,,1,,48.0,no,Open Charge Map,2026-07-04
17110,日産自動車販売丸山店,35.72347359,139.6780487,,,,,,1,,48.0,no,Open Charge Map,2026-07-04
17783,日野交通菅沢営業所,35.51455444,139.6878576,,,,,,1,,48.0,no,Open Charge Map,2026-07-04
17081,東京日産自動車販売新車のひろば三鷹店,35.68163985,139.5572524,,,,,,1,,48.0,no,Open Charge Map,2026-07-04
17099,東京日産自動車販売荒川店,35.73361608,139.7873031,,,,,,1,,48.0,no,Open Charge Map,2026-07-04
17721,東京海洋大学（越中島キャンパス）,35.66865643,139.7908586,,,,,,1,,48.0,no,Open Charge Map,2026-07-04
17733,東京都東銀座駐車場,35.66739221,139.7643969,,,,,,1,,48.0,no,Open Charge Map,2026-07-04
17708,東電池,35.73617983,139.795094,,,,,,1,,48.0,no,Open Charge Map,2026-07-04
17722,江東区役所,35.67275645,139.817309,,,,,,1,,48.0,no,Open Charge Map,2026-07-04
17038,浦和東三菱さいたま東店,35.86863008,139.6663708,,,,,,1,,48.0,no,Open Charge Map,2026-07-04
17103,港三菱港中央本店,35.6495829,139.7584316,,,,,,1,,48.0,no,Open Charge Map,2026-07-04
17782,相鉄鶴見尻手ビル,35.52496435,139.6830769,,,,,,1,,48.0,no,Open Charge Map,2026-07-04
17158,神奈川日産自動車ニュータウン都筑店,35.56403899,139.5832001,,,,,,1,,48.0,no,Open Charge Map,2026-07-04
17802,神奈川日産自動車川崎六郷橋店,35.53254728,139.7060524,,,,,,1,,48.0,no,Open Charge Map,2026-07-04
17801,神奈川日産自動車川崎小倉店,35.53815429,139.6646667,,,,,,1,,48.0,no,Open Charge Map,2026-07-04
17807,神奈川日産自動車港北日吉店,35.54337834,139.6422461,,,,,,1,,48.0,no,Open Charge Map,2026-07-04
17144,神奈川日産自動車百合ケ丘店,35.60291952,139.5017967,,,,,,1,,48.0,no,Open Charge Map,2026-07-04
17701,羽田空港Ｐ４立体駐車場,35.54952745,139.7882393,,,,,,1,,48.0,no,Open Charge Map,2026-07-04
17734,舎人駐車場,35.80611617,139.7592771,,,,,,1,,48.0,no,Open Charge Map,2026-07-04
17705,葛飾区地域産業振興会館（テクノプラザかつしか）,35.75247076,139.8525385,,,,,,1,,48.0,no,Open Charge Map,2026-07-04
17704,葛飾区役所総合庁舎,35.74345496,139.8472421,,,,,,1,,48.0,no,Open Charge Map,2026-07-04
17784,都筑ＰＡ（上り）,35.54374428,139.6028077,,,,,,1,,48.0,no,Open Charge Map,2026-07-04
17723,錦糸町パークタワー,35.69414299,139.8140388,,,,,,1,,48.0,no,Open Charge Map,2026-07-04
17108,関東三菱世田谷店・クリーンカー世田谷,35.63292956,139.6246462,,,,,,1,,48.0,no,Open Charge Map,2026-07-04
17094,関東三菱久が原店,35.57866722,139.6983509,,,,,,1,,48.0,no,Open Charge Map,2026-07-04
17037,関東三菱大宮店・クリーンカー大宮,35.89517924,139.6217011,,,,,,1,,48.0,no,Open Charge Map,2026-07-04
17032,関東三菱川口境橋店,35.83258215,139.723015,,,,,,1,,48.0,no,Open Charge Map,2026-07-04
17145,関東三菱川崎店・クリーンカー川崎,35.54668427,139.6843647,,,,,,1,,48.0,no,Open Charge Map,2026-07-04
17146,関東三菱新百合ヶ丘店・クリーンカー新百合ヶ丘,35.60513878,139.5053769,,,,,,1,,48.0,no,Open Charge Map,2026-07-04
17114,関東三菱東久留米店・クリーンカー東久留米,35.73909118,139.5085815,,,,,,1,,48.0,no,Open Charge Map,2026-07-04
17106,関東三菱江東店,35.67595607,139.8152868,,,,,,1,,48.0,no,Open Charge Map,2026-07-04
17095,関東三菱目黒店,35.62645361,139.6897883,,,,,,1,,48.0,no,Open Charge Map,2026-07-04
17097,関東三菱葛飾店・クリーンカー葛飾,35.76264487,139.8642426,,,,,,1,,48.0,no,Open Charge Map,2026-07-04
17082,関東三菱調布店・クリーンカー調布,35.65618674,139.5416882,,,,,,1,,48.0,no,Open Charge Map,2026-07-04
17111,関東三菱高井戸店・クリーンカー高井戸,35.68621552,139.6235744,,,,,,1,,48.0,no,Open Charge Map,2026-07-04
17732,高井戸北駐車場,35.69069546,139.6164415,,,,,,1,,48.0,no,Open Charge Map,2026-07-04
17079,ＥＮＥＯＳ　ＤＤセルフ府中栄町店,35.68835997,139.4783142,,,,,,1,,48.0,no,Open Charge Map,2026-07-04
17113,ＥＮＥＯＳ　ＤＤセルフ環七豊玉店,35.73158629,139.6592666,,,,,,1,,48.0,no,Open Charge Map,2026-07-04
17759,ＥＮＥＯＳ　Ｄｒ．Ｄｒｉｖｅ　初山ＳＳ,35.59875994,139.5641834,,,,,,1,,48.0,no,Open Charge Map,2026-07-04
17098,ＥＮＥＯＳ　Ｄｒ．Ｄｒｉｖｅセルフ保木間ＳＳ,35.797104,139.8023378,,,,,,1,,48.0,no,Open Charge Map,2026-07-04
17080,ＥＮＥＯＳ　Ｄｒ．Ｄｒｉｖｅセルフ西東京店,35.74046688,139.5567219,,,,,,1,,48.0,no,Open Charge Map,2026-07-04
17141,ＥＮＥＯＳ　Ｄｒ．Ｄｒｉｖｅ小杉店,35.57705555,139.6570267,,,,,,1,,48.0,no,Open Charge Map,2026-07-04
17142,ＥＮＥＯＳ　Ｄｒ．Ｄｒｉｖｅ川崎ＳＳ,35.52258427,139.6954593,,,,,,1,,48.0,no,Open Charge Map,2026-07-04
17157,ＥＮＥＯＳ　Ｖａｌｕｅ５市が尾店,35.54387107,139.5474845,,,,,,1,,48.0,no,Open Charge Map,2026-07-04
17107,ＥＮＥＯＳ　Ｖａｌｕｅ５東京インター店,35.62588868,139.6266936,,,,,,1,,48.0,no,Open Charge Map,2026-07-04
17703,ＮＴＴル・パルク東五反田第２駐車場,35.63245359,139.7252296,,,,,,1,,48.0,no,Open Charge Map,2026-07-04
55060,GINZA KABUKIZAパーキング,35.6697366,139.76805330000002, 東京,104-0061,,,,1,,,no,Open Charge Map,2026-07-04
5714,Tesla Aoyama Showroom,35.6704409673614,139.718670845031,Aoyama,,,,,1,,16.8,no,Open Charge Map,2026-07-04
62638,中原街道,35.534412,139.585831,三浦郡,224-0037,,,,2,,50.0,yes,Open Charge Map,2026-07-04
62639,横浜生田線,35.54253,139.599197,三浦郡,224-0025,,,,1,,50.0,yes,Open Charge Map,2026-07-04
62653,イオンレイクタウン kaze - mori 連絡通路,35.879295,139.828262,北葛飾郡,3400011,,,,1,,50.0,yes,Open Charge Map,2026-07-04
62654,大谷本郷さいたま線,35.884094,139.626099,北足立郡,3300061,,,,1,,50.0,yes,Open Charge Map,2026-07-04
62651,第2産業道路,35.871063,139.684143,北足立郡,3300061,,,,1,,50.0,yes,Open Charge Map,2026-07-04
55020,パレスホテル,35.68465,139.761435,千代田区,100-0005,,,,1,,,no,Open Charge Map,2026-07-04
55136,丸の内トラストタワー,35.6825268,139.76942510000003,千代田区,100-0005,,,,1,,,no,Open Charge Map,2026-07-04
62644,首都高速1号上野線,35.683239,139.778061,千代田区,101-0041,,,,1,,50.0,yes,Open Charge Map,2026-07-04
62643,第一京浜,35.647057,139.748703,南青山六丁目,108-0014,,,,1,,50.0,yes,Open Charge Map,2026-07-04
62640,東京湾岸道路,35.546951,139.790527,大田区,,,,,1,,50.0,yes,Open Charge Map,2026-07-04
47505,EVテクニカ,35.625873,139.546089,"川崎市,",214-0038,,,,1,,50.0,yes,Open Charge Map,2026-07-04
62646,中央通り,35.691586,139.697769,新宿区,163-0676,,,,2,,50.0,yes,Open Charge Map,2026-07-04
62645,副10,35.688072,139.69342,新宿区,163-8001,,,,1,,50.0,yes,Open Charge Map,2026-07-04
5701,ウェスティンホテル東京,35.6415162,139.7153641,東京,153-8580,,,,1,,16.8,no,Open Charge Map,2026-07-04
55149,城山トラストタワー,35.6646893,139.74331089999998,東京,105-0001,,,,1,,,no,Open Charge Map,2026-07-04
55152,御殿山トラストタワー,35.6221997,139.73700459999998,東京,140-0001,,,,1,,,no,Open Charge Map,2026-07-04
55155,虎ノ門2丁目タワー,35.6684472,139.74666049999996,東京,105-0001,,,,1,,,no,Open Charge Map,2026-07-04
55059,ENEOS東名横浜インターSS,35.5032939,139.48857850000002,横浜市,226-0026,,,,1,,,no,Open Charge Map,2026-07-04
55058,トーニチユニオンサービス,35.5158152,139.5685365,横浜市,224-0053,,,,1,,,no,Open Charge Map,2026-07-04
55029,お台場タイム24ビル,35.6177178,139.77712680000002,江東区,135-0064,,,,1,,,no,Open Charge Map,2026-07-04
55089,ヒルトン東京ベイ,35.6270075,139.87505110000006,浦安市,279-0031,,,,1,,,no,Open Charge Map,2026-07-04
55006,グランドハイアット東京,35.6600777,139.7283208,港区,106-0032,,,,1,,,no,Open Charge Map,2026-07-04
62642,海岸通り,35.643322,139.756592,港区,105-0022,,,,2,,50.0,yes,Open Charge Map,2026-07-04
62650,環八通り,35.74485,139.629562,練馬区,176-0021,,,,1,,50.0,yes,Open Charge Map,2026-07-04
62648,産業道路,35.710407,139.933212,鬼高三丁目,,,,,1,,50.0,yes,Open Charge Map,2026-07-04
